,Rating,revised_price,size,battery,processor,ram,rom,front_camera,brand,name
0,4.4,38999,6.2,4575,Tensor G3 Processor,8.0,128.0,62.0,Google,Google Pixel 8
1,4.1,29999,6.1,4300,Tensor G2 Processor,8.0,128.0,77.0,Google,Google Pixel 7a
2,4.6,57999,6.1,3600,"A16 Bionic Chip, 6 Core Processor Processor",8.0,128.0,60.0,Apple,Apple iPhone 15
5,4.6,79999,6.3,4700,Google Tensor G4 Processor,12.0,256.0,98.0,Google,Google Pixel 9
6,4.6,65999,6.7,3600,"A16 Bionic Chip, 6 Core Processor Processor",8.0,128.0,60.0,Apple,Apple iPhone 15 Plus
17,4.6,115999,6.1,3600,"A17 Pro Chip, 6 Core Processor Processor",8.0,256.0,60.0,Apple,Apple iPhone 15 Pro
18,4.6,132999,6.7,3600,"A17 Pro Chip, 6 Core Processor Processor",8.0,512.0,60.0,Apple,Apple iPhone 15 Pro Max
29,4.6,79900,6.1,3600,"A18 Chip, 6 Core Processor Processor",8.0,128.0,60.0,Apple,Apple iPhone 16
37,4.6,49900,6.1,3600,A14 Bionic Chip with Next Generation Neural Engine Processor,8.0,64.0,24.0,Apple,Apple iPhone 12
38,4.7,89900,6.7,3600,"A18 Chip, 6 Core Processor Processor",8.0,128.0,60.0,Apple,Apple iPhone 16 Plus
45,4.6,49900,6.1,3600,A15 Bionic Chip Processor,8.0,128.0,24.0,Apple,Apple iPhone 13
49,4.6,60999,6.7,3600,"A15 Bionic Chip, 6 Core Processor Processor",8.0,128.0,24.0,Apple,Apple iPhone 14 Plus
55,4.8,149900,6.3,3600,"A18 Pro Chip, 6 Core Processor Processor",8.0,512.0,96.0,Apple,Apple iPhone 16 Pro
74,4.6,164900,6.9,3600,"A18 Pro Chip, 6 Core Processor Processor",8.0,512.0,96.0,Apple,Apple iPhone 16 Pro Max
92,4.6,50999,6.1,3600,"A15 Bionic Chip, 6 Core Processor Processor",8.0,128.0,24.0,Apple,Apple iPhone 14
115,4.6,19999,6.1,3600,A13 Bionic Chip Processor,8.0,64.0,24.0,Apple,Apple iPhone 11
119,4.6,47900,6.1,3600,A12 Bionic Chip Processor,8.0,64.0,36.0,Apple,Apple iPhone XR
141,4.5,77000,4.7,3600,"A11 Bionic Chip with 64-bit Architecture, Neural Engine, Embedded M11 Motion Coprocessor Processor",8.0,256.0,36.0,Apple,Apple iPhone 8
142,4.6,109900,6.5,3600,A12 Bionic Chip Processor,8.0,64.0,24.0,Apple,Apple iPhone XS Max
143,4.4,47600,4.7,3600,"A15 Bionic Chip, 6 Core Processor Processor",8.0,64.0,36.0,Apple,Apple iPhone SE 3rd Gen
145,4.6,129900,6.1,3600,"A16 Bionic Chip, 6 Core Processor Processor",8.0,256.0,60.0,Apple,Apple iPhone 14 Pro
149,4.7,89900,5.8,3600,A12 Bionic Chip Processor,8.0,64.0,24.0,Apple,Apple iPhone XS
152,4.1,22900,3.5,3600,1 Year Manufacturer Warranty,8.0,8.0,29.0,Apple,Apple IPhone 4
153,4.5,34900,4.7,3600,Apple A10 Fusion 64-bit processor and Embedded M10 Motion Co-processor,8.0,128.0,36.0,Apple,Apple iPhone 7
154,4.5,42900,5.488,3600,Apple A10 Fusion 64-bit processor and Embedded M10 Motion Co-processor,8.0,128.0,24.0,Apple,Apple iPhone 7 Plus
168,4.5,59900,5.4,3600,A14 Bionic Chip with Next Generation Neural Engine Processor,8.0,64.0,24.0,Apple,Apple iPhone 12 mini
183,4.5,39900,4.7,3600,A13 Bionic Chip with 3rd Gen Neural Engine Processor,8.0,64.0,36.0,Apple,Apple iPhone SE
185,4.7,184900,6.7,3600,"A16 Bionic Chip, 6 Core Processor Processor",8.0,1.0,60.0,Apple,Apple iPhone 14 Pro Max
188,4.6,121300,5.8,3600,A13 Bionic Chip Processor,8.0,256.0,24.0,Apple,Apple iPhone 11 Pro
189,4.5,119900,6.7,3600,A14 Bionic Chip with Next Generation Neural Engine Processor,8.0,128.0,24.0,Apple,Apple iPhone 12 Pro Max
194,4.6,179900,6.7,3600,A15 Bionic Chip Processor,8.0,1.0,24.0,Apple,Apple iPhone 13 Pro Max
195,4.6,106900,5.8,3600,"A11 Bionic Chip with 64-bit Architecture, Neural Engine, Embedded M11 Motion Coprocessor Processor",8.0,256.0,24.0,Apple,Apple iPhone X
214,4.7,109900,6.5,3600,A13 Bionic Chip Processor,8.0,64.0,24.0,Apple,Apple iPhone 11 Pro Max
235,4.5,48999,5.5,3600,A8 Chip with 64-bit Architecture and M8 Motion Co-processor,8.0,64.0,32.0,Apple,Apple iPhone 6 Plus
238,4.7,129900,6.1,3600,A15 Bionic Chip Processor,8.0,256.0,24.0,Apple,Apple iPhone 13 Pro
239,4.5,119900,6.1,3600,A14 Bionic Chip with Next Generation Neural Engine Processor,8.0,256.0,24.0,Apple,Apple iPhone 12 Pro
275,4.4,34900,5.5,3600,Apple A9 64-bit processor and Embedded M9 Motion Co-processor,8.0,32.0,36.0,Apple,Apple iPhone 6s Plus
281,4.5,64900,5.4,3600,A15 Bionic Chip Processor,8.0,128.0,24.0,Apple,Apple iPhone 13 mini
288,4.6,49900,5.5,3600,"A11 Bionic Chip with 64-bit Architecture, Neural Engine, Embedded M11 Motion Coprocessor Processor",8.0,64.0,24.0,Apple,Apple iPhone 8 Plus
301,4.5,29900,4.7,3600,Apple A9 64-bit processor and M9 Motion Co-processor,8.0,32.0,36.0,Apple,Apple iPhone 6s
307,4.4,35000,4.0,3600,Apple A7 64-bit processor and M7 Motion Co-processor,8.0,16.0,32.0,Apple,Apple iPhone 5s
338,4.4,71500,4.7,3600,A8 Chip with 64-bit Architecture and M8 Motion Co-processor,8.0,128.0,32.0,Apple,Apple iPhone 6
526,3.9,41900,4.0,3600,A6 Chip Processor,8.0,16.0,32.0,Apple,Apple iPhone 5C
552,4.4,13999,6.67,5000,Dimensity 7050 Processor,6.0,128.0,52.0,realme,realme P1 5G
553,4.5,69999,6.7,4900,Exynos 2400 Processor,12.0,256.0,60.0,SAMSUNG,SAMSUNG Galaxy S24+ 5G
554,4.2,10999,6.6,5000,Exynos 1330 Processor,6.0,128.0,52.0,SAMSUNG,SAMSUNG Galaxy A14 5G
558,4.3,6499,6.74,5000,Helio G85 Processor,4.0,64.0,52.0,SAMSUNG,SAMSUNG Galaxy F05
561,4.4,32999,6.4,4500,Samsung Exynos 2200 Processor,8.0,256.0,62.0,SAMSUNG,SAMSUNG Galaxy S23 FE
562,4.4,10499,6.56,5000,Dimensity 6300 Processor,4.0,128.0,52.0,vivo,vivo T3 Lite 5G
563,4.5,11999,6.67,5000,Dimensity 6300 Processor,6.0,128.0,56.0,realme,realme C63 5G Charger in the Box
566,4.6,39999,6.1,3900,Qualcomm Snapdragon 8 Gen 2 Processor,8.0,128.0,60.0,SAMSUNG,SAMSUNG Galaxy S23 5G
568,4.2,12999,6.67,5000,Dimensity 6080 Processor,8.0,128.0,110.0,POCO,POCO X6 Neo 5G
569,4.5,12999,6.72,6000,6 Gen 1 Processor,4.0,128.0,52.0,vivo,vivo T3x 5G
572,4.3,23999,6.67,5000,Dimensity D8300 Ultra Processor,12.0,512.0,72.0,POCO,POCO X6 Pro 5G
573,0.0,59999,6.7,4700,Exynos 2400e Processor,8.0,256.0,62.0,SAMSUNG,SAMSUNG Galaxy S24 FE 5G
580,4.4,39999,6.6,5000,Samsung Exynos 1480 Processor,8.0,128.0,62.0,SAMSUNG,SAMSUNG Galaxy A55 5G
581,4.2,14230,6.5,6000,Domestic 1 Year of Device &amp; 6 Months for In-Box Accessories,6.0,128.0,74.0,SAMSUNG,SAMSUNG Galaxy M34 5G
584,4.5,18893,6.6,6000,1 YEAR,8.0,128.0,74.0,SAMSUNG,SAMSUNG Galaxy M35 5G
591,4.3,33999,6.6,5000,Samsung Exynos 1380 Processor,8.0,256.0,58.0,SAMSUNG,SAMSUNG Galaxy A35 5G
593,4.2,11499,6.79,5030,Snapdragon 4 Gen2 AE Processor,6.0,128.0,110.0,POCO,POCO M6 Plus 5G
594,4.4,7719,6.74,5000,Helio G85 Processor,4.0,64.0,52.0,SAMSUNG,SAMSUNG Galaxy A05
597,4.3,28799,6.4,4500,Snapdragon 888 Processor,8.0,256.0,24.0,SAMSUNG,Samsung Galaxy S21 FE 5G with Snapdragon 888
599,4.5,32999,6.7,5200,Snapdragon 7s Gen2 Processor,8.0,256.0,58.0,realme,realme 13 Pro+ 5G
606,4.3,37499,6.4,5000,"Exynos 1380, Octa Core Processor",8.0,256.0,62.0,SAMSUNG,SAMSUNG Galaxy A54 5G
607,4.6,121999,6.8,5000,Snapdragon 8 Gen 3 Processor,12.0,256.0,250.0,SAMSUNG,SAMSUNG Galaxy S24 Ultra 5G
621,4.4,17999,6.5,5000,Dimensity 6100+ Processor,6.0,128.0,55.0,SAMSUNG,SAMSUNG Galaxy A15 5G
624,4.2,13100,6.6,6000,Samsung Exynos 1330 Processor,4.0,128.0,100.0,SAMSUNG,SAMSUNG Galaxy M14 5G
626,4.0,16799,6.6,5000,Qualcomm Snapdragon 695 (SM6375) Processor,8.0,128.0,55.0,SAMSUNG,SAMSUNG Galaxy A23 5G
631,4.2,14990,6.5,6000,Domestic 1 Year of Device &amp; 6 Months for In-Box Accessories,6.0,128.0,74.0,SAMSUNG,SAMSUNG Galaxy M34 5G without charger
634,3.9,26999,6.7,5000,7 Gen 1 Processor,12.0,256.0,58.0,SAMSUNG,SAMSUNG Galaxy F55 5G
636,4.4,9999,6.7,5000,Mediatek Helio G85 Processor,4.0,64.0,52.0,SAMSUNG,SAMSUNG Galaxy A06
637,3.9,7719,6.7,5000,MediaTek Helio G85 Processor,4.0,64.0,55.0,SAMSUNG,SAMSUNG A05
641,4.2,19999,6.59,6000,12 Months Warranty,6.0,128.0,74.0,SAMSUNG,SAMSUNG Galaxy M33 5G
645,4.2,25999,6.5,6000,Exynos 1280 Processor,8.0,128.0,58.0,SAMSUNG,SAMSUNG Galaxy F34 5G
651,4.4,94999,6.7,4000,Snapdragon 8 Gen 3 Processor,12.0,256.0,62.0,SAMSUNG,SAMSUNG Galaxy Z Flip6 5G
656,4.3,11398,6.72,5000,680 Processor,6.0,128.0,52.0,SAMSUNG,SAMSUNG Galaxy A05s
661,4.4,20990,6.5,5000,Exynos 1280 Processor,8.0,128.0,58.0,SAMSUNG,SAMSUNG Galaxy A25 5G
664,4.2,35499,6.6,5000,"Dimensity 1080, Octa Core Processor",8.0,128.0,56.0,SAMSUNG,SAMSUNG Galaxy A34 5G
665,4.4,37399,6.1,3700,Snapdragon 8 Gen 1 Processor,8.0,128.0,62.0,SAMSUNG,SAMSUNG Galaxy S22 5G
666,4.5,62999,6.2,4000,Exynos 2400 Processor,8.0,128.0,60.0,SAMSUNG,SAMSUNG Galaxy S24 5G
667,4.5,12990,6.5,6000,MediaTek Processor,4.0,128.0,74.0,SAMSUNG,SAMSUNG M15 5G
671,4.2,14299,6.5,6000,MediaTek Processor,8.0,128.0,74.0,SAMSUNG,SAMSUNG galaxy M15 5G
674,4.1,9999,6.5,5000,MediaTek Helio P35 Processor,4.0,64.0,15.0,SAMSUNG,SAMSUNG Galaxy M04
680,3.9,8499,6.5,5000,Mediatek Helio P35 Processor,4.0,64.0,52.0,SAMSUNG,SAMSUNG Galaxy A04
681,3.9,28989,6.7,5000,Domestic Warranty 1 year for handset and 6 months for accessories.,12.0,256.0,74.0,SAMSUNG,SAMSUNG Galaxy M55 5G
685,4.0,26990,6.5,4500,Exynos Octa Core Processor,8.0,128.0,24.0,SAMSUNG,SAMSUNG Galaxy S20 FE
694,4.3,13499,6.4,6000,MediaTek Helio G80 Processor,6.0,128.0,56.0,SAMSUNG,SAMSUNG Galaxy F22
704,3.2,99999,7.6,4400,Qualcomm Snapdragon 8+ Gen 1 Processor,12.0,512.0,62.0,SAMSUNG,SAMSUNG Galaxy Z Fold4 5G
706,4.3,18499,6.6,5000,Qualcomm Snapdragon 750G Processor,6.0,128.0,58.0,SAMSUNG,SAMSUNG Galaxy F23 5G
707,4.0,7990,6.5,5000,Mediatek Helio P35 (MT6765) Processor,3.0,32.0,15.0,SAMSUNG,SAMSUNG Galaxy A03s
710,4.1,7799,6.5,5000,1 Year of Device &amp; 6 Months for In-Box Accessories,2.0,32.0,32.0,SAMSUNG,SAMSUNG Galaxy A03 Core
711,4.0,31999,6.5,5000,Exynos Octa Core Processor Processor,6.0,128.0,76.0,SAMSUNG,SAMSUNG Galaxy A53
715,4.3,10499,6.515,6000,Exynos 850 Processor,4.0,64.0,53.0,SAMSUNG,SAMSUNG Galaxy F12
720,4.2,17999,6.5,6000,MediaTek Dimensity 6100+ Processor,8.0,128.0,55.0,SAMSUNG,SAMSUNG Galaxy F15 5G
721,4.4,109999,6.7,3700,Snapdragon 8 Gen 2 Processor,8.0,512.0,24.0,SAMSUNG,SAMSUNG Galaxy Z Flip5
724,4.1,13990,6.5,6000,1 Year Manufacturer Warranty for Device.,4.0,128.0,74.0,SAMSUNG,SAMSUNG Galaxy M15 5G
725,4.1,164999,7.6,4400,Snapdragon 8 Gen 3 Processor,12.0,256.0,62.0,SAMSUNG,SAMSUNG Galaxy Z Fold6 5G
727,4.2,10990,6.5,6000,1 Year Warranty,4.0,64.0,72.0,SAMSUNG,SAMSUNG Galaxy M32
730,4.2,11990,6.6,6000,"Exynos 1330, Octa Core Processor",4.0,128.0,52.0,SAMSUNG,SAMSUNG Galaxy F14 5G
731,4.2,10899,6.5,6000,1 Year,4.0,64.0,72.0,SAMSUNG,SAMSUNG Galaxy M12
744,4.1,11690,6.6,5000,Exynos Octa Core Processor,4.0,128.0,55.0,SAMSUNG,SAMSUNG Galaxy A13
746,4.2,13990,6.6,5000,Octa-core(EXYNOS) Processor,6.0,128.0,74.0,SAMSUNG,SAMSUNG Galaxy A23
757,4.1,13989,6.5,5000,12 Months Warranty,4.0,64.0,74.0,SAMSUNG,SAMSUNG GALAXY M13 5G
766,4.2,35999,6.7,6000,Octa Core Processor,8.0,256.0,116.0,SAMSUNG,SAMSUNG Galaxy F54 5G
770,4.2,23999,6.7,7000,Exynos 9825 Processor,6.0,128.0,76.0,SAMSUNG,SAMSUNG Galaxy F62
774,4.2,19999,6.5,5000,Exynos 850 Octa Core Processor,6.0,64.0,56.0,SAMSUNG,SAMSUNG Galaxy A21s
787,4.3,21790,6.7,7000,ONE YEAR COMPANY WARRANTY,6.0,128.0,88.0,SAMSUNG,SAMSUNG GALAXY M51
796,4.1,8290,6.6,6000,1 year for handset and 6 month for accessories,4.0,64.0,74.0,SAMSUNG,SAMSUNG Galaxy M14 4G
797,4.3,10999,6.6,6000,Exynos 850 Processor,4.0,128.0,55.0,SAMSUNG,SAMSUNG Galaxy F13
805,4.2,10990,6.6,6000,1 Year Warranty,4.0,64.0,74.0,SAMSUNG,SAMSUNG GALAXY M13
806,4.1,22999,6.6,5000,MediaTek Dimensity 700 Processor,8.0,128.0,69.0,SAMSUNG,SAMSUNG Galaxy F42 5G
807,4.1,9999,6.5,5000,Unisoc UMS9230 Processor,3.0,32.0,50.0,SAMSUNG,SAMSUNG Galaxy A03
817,4.2,23068,6.7,5000,1 Year Warranty,8.0,128.0,56.0,SAMSUNG,SAMSUNG Galaxy M52 5G
820,4.1,17990,6.4,5000,Mediatek Helio G80 Processor,6.0,128.0,72.0,SAMSUNG,SAMSUNG Galaxy A32
830,4.0,7100,6.55,5000,MediaTek MT6739 Processor,3.0,32.0,15.0,SAMSUNG,SAMSUNG Galaxy M02
834,4.2,15880,6.6,5000,MediaTek Dimensity 700 (MT6833V) Processor,6.0,128.0,53.0,SAMSUNG,SAMSUNG Galaxy A22 5G
835,4.2,41999,6.7,5000,Qualcomm Snapdragon 778G Processor,8.0,128.0,120.0,SAMSUNG,SAMSUNG Galaxy A73 5G
850,0.0,2199,2.0,1000,No Warranty,32.0,32.0,25.3,SAMSUNG,SAMSUNG Metro B312
856,4.2,11799,6.6,6000,12 Months Warranty,6.0,128.0,74.0,SAMSUNG,SAMSUNG Galaxy M13
861,4.4,22300,6.0,3300,Samsung Exynos Octa Core Processor (2.2 GHz) Processor,4.0,64.0,29.0,SAMSUNG,SAMSUNG Galaxy A7
864,4.1,13590,6.5,6000,1 Year Manufacturer Warranty for Device and 6 Months for In-Box Accessories,4.0,128.0,74.0,SAMSUNG,SAMSUNG M15
865,4.2,12999,6.4,5000,Qualcomm Snapdragon (SDM450-F01) Octa Core Processor,3.0,32.0,18.0,SAMSUNG,SAMSUNG Galaxy M11
877,4.2,20909,6.6,5000,Qualcomm Snapdragon 750G octa core Processor,6.0,128.0,72.0,SAMSUNG,SAMSUNG Galaxy M42 5G
886,4.2,11499,6.5,5000,Mediatek Helio P35 Processor,4.0,128.0,15.0,SAMSUNG,SAMSUNG Galaxy A04e
891,4.0,7550,4.5,2050,0 0 Quad Core 1.3GHz Processor,1.0,8.0,29.0,SAMSUNG,SAMSUNG Galaxy J1
895,3.6,4790,4.0,1500,1 Year for Mobile &amp; 6 Months Accessories Warranty,1.0,8.0,29.0,SAMSUNG,SAMSUNG Z2
896,3.9,13999,6.6,5000,"Exynos 850, Octa Core Processor",4.0,64.0,55.0,SAMSUNG,SAMSUNG Galaxy A14
901,4.4,11500,5.6,3000,Exynos 7870 Processor,3.0,32.0,37.0,SAMSUNG,SAMSUNG Galaxy J6
905,4.2,9499,6.515,5000,Qualcomm Snapdragon 450 (SDM450-F01) Processor,3.0,32.0,15.0,SAMSUNG,SAMSUNG Galaxy F02s
906,4.3,15993,6.4,6000,Samsung Exynos 9 Octa 9611 Processor,6.0,64.0,72.0,SAMSUNG,SAMSUNG Galaxy M31
914,4.2,21999,6.6,5000,Qualcomm Snapdragon 750G Processor,8.0,128.0,53.0,SAMSUNG,SAMSUNG Galaxy M42
916,4.3,39999,6.4,4500,1 Year Manufacturer Warranty for Device and 6 Months Manufacturer Warranty for In-Box Accessories,8.0,128.0,24.0,SAMSUNG,SAMSUNG Galaxy S21 FE 5G
924,4.2,5599,6.5,5000,Mediatek Helio P35 Processor,4.0,64.0,15.0,SAMSUNG,SAMSUNG Galaxy F04
925,4.1,14499,6.5,5000,Exynos Octa Core Processor Processor,4.0,128.0,100.0,SAMSUNG,SAMSUNG Galaxy A04s
927,4.2,10190,6.5,5000,Qualcomm Snapdragon 450 Processor,4.0,64.0,15.0,SAMSUNG,SAMSUNG M02s
930,4.3,18900,6.4,4000,Exynos 7904 Processor,4.0,64.0,30.0,SAMSUNG,SAMSUNG Galaxy A30s
934,4.4,62500,5.8,3000,Exynos 9810 Processor,4.0,64.0,36.0,SAMSUNG,SAMSUNG Galaxy S9
937,4.4,28999,6.7,7000,1 year manufacturer warranty for device and 6 months manufacturer warranty for in-box accessories including batteries from the date of purchase,8.0,128.0,88.0,SAMSUNG,SAMSUNG Galaxy M51
954,4.3,10990,5.6,3000,Brand Warranty of 1 Year Available for Mobile and 6 Months for Accessories,4.0,64.0,40.0,SAMSUNG,SAMSUNG Galaxy A6
960,4.4,15900,5.7,3300,Mediatek Octa-Core 1.69GHz Processor,4.0,32.0,37.0,SAMSUNG,SAMSUNG J7 Max
965,0.0,12975,6.5,6000,1 Year Manufacturer Warranty for Device and 6 Months for In-Box Accessories,6.0,128.0,74.0,SAMSUNG,SAMSUNG M15 5G Prime Edition
966,4.3,13990,6.4,6000,1 Year Manufacturer Warranty,4.0,128.0,56.0,SAMSUNG,SAMSUNG Galaxy M30S
967,4.2,6999,5.0,2600,Qualcomm MSM8917 Processor,1.0,16.0,32.0,SAMSUNG,SAMSUNG Galaxy J2 Core
971,4.2,9499,6.5,5000,Mediatek MT6765 Helio P35 (12nm) Processor,3.0,64.0,15.0,SAMSUNG,SAMSUNG A04 e
975,4.2,8490,5.0,2600,Spreadtrum Quad Core 1.5GHz Processor,2.0,16.0,32.0,SAMSUNG,SAMSUNG Galaxy J3 Pro
980,4.3,19000,6.4,6000,1 Year,6.0,128.0,88.0,SAMSUNG,SAMSUNG M31 Prime
985,4.2,13999,6.5,5000,Mediatek Helio P35 (MT6765) Processor,4.0,64.0,53.0,SAMSUNG,SAMSUNG Galaxy A12
987,3.7,15555,6.6,5000,(Exynos 1330) Processor,8.0,128.0,52.0,SAMSUNG,SAMSUNG A14 5g
990,4.4,46000,5.1,3000,Exynos 8890 Octa Core 2.3GHz Processor,4.0,32.0,36.0,SAMSUNG,SAMSUNG Galaxy S7
991,4.3,48999,6.7,3300,Qualcomm Snapdragon 888 Octa-Core Processor,8.0,128.0,24.0,SAMSUNG,SAMSUNG Galaxy Z Flip3 5G
995,4.2,5900,5.0,2600,Exynos 7870 Processor,1.0,16.0,29.0,SAMSUNG,SAMSUNG Galaxy A2 Core
1000,4.2,18999,6.5,5000,1 Year Warranty on Mobile Device and 6 months on Accessories,8.0,128.0,72.0,SAMSUNG,SAMSUNG Galaxy M32 5G
1005,4.3,12900,6.5,4000,Qualcomm SDM450-B01 Processor,3.0,32.0,21.0,SAMSUNG,SAMSUNG Galaxy A20s
1010,4.3,30900,6.7,4500,Qualcomm Snapdragron 675 Processor,6.0,128.0,37.0,SAMSUNG,SAMSUNG Galaxy A70
1011,4.3,15899,6.4,4000,Exynos 9610 Processor,4.0,64.0,30.0,SAMSUNG,SAMSUNG Galaxy A50
1017,4.6,74000,6.3,3300,1 Year Manufacturer Warranty for Device and 6 Months Manufacturer Warranty for In-box Accessories Including Batteries from the Date of Purchase.,6.0,64.0,24.0,SAMSUNG,SAMSUNG Galaxy Note 8
1031,4.2,20499,6.4,5000,MediaTek Helio G80 (MT6769V) Processor,6.0,128.0,56.0,SAMSUNG,SAMSUNG Galaxy A22
1034,4.4,10000,6.2,4000,MediaTek MT6762 Processor,2.0,32.0,15.0,SAMSUNG,SAMSUNG Galaxy A10s
1035,4.2,32499,6.5,4500,Qualcomm Snapdragon 778G Processor,6.0,128.0,76.0,SAMSUNG,SAMSUNG Galaxy A52s 5G
1040,4.3,9000,6.0,3300,Qualcomm Snapdragon SD425 Processor,2.0,32.0,37.0,SAMSUNG,SAMSUNG Galaxy J4 Plus
1044,4.3,29999,6.5,4000,Exynos 9611 Processor,8.0,128.0,60.0,SAMSUNG,SAMSUNG Galaxy A51
1050,4.3,8999,6.2,4000,MediaTek | MT6762 octa core Processor,3.0,32.0,15.0,SAMSUNG,SAMSUNG Galaxy M01s
1054,3.9,94999,6.7,3700,Qualcomm Snapdragon 8+ Gen 1 Processor,8.0,256.0,24.0,SAMSUNG,SAMSUNG Galaxy Z Flip4 5G
1055,4.4,17000,6.0,3500,Qualcomm Snapdragon SDM450 Processor,4.0,64.0,21.0,SAMSUNG,SAMSUNG Galaxy J8
1057,0.0,13390,4.0,1500,only manufacturing defect cover in waranty,1.0,4.0,29.0,SAMSUNG,SAMSUNG Galaxy duos
1070,3.4,2499,2.03,1000,1 Year Manufacturer Warranty,4.0,2.27,24.3,SAMSUNG,SAMSUNG Metro 313
1086,4.6,164999,6.2,4400,Snapdragon 8 Gen 2 Processor,12.0,512.0,62.0,SAMSUNG,SAMSUNG Galaxy Z Fold5
1087,4.6,94499,6.8,5000,Qualcomm Snapdragon 8 Gen 2 Processor,12.0,512.0,210.0,SAMSUNG,SAMSUNG Galaxy S23 Ultra 5G
1097,4.5,59999,6.6,4500,Qualcomm Snapdragon 8 Gen 1 Processor,8.0,256.0,62.0,SAMSUNG,SAMSUNG Galaxy S22 Plus 5G
1125,4.1,16490,6.5,5000,Dimensity 720 5G Processor,6.0,128.0,56.0,SAMSUNG,SAMSUNG M32 5G
1126,4.1,24000,6.7,5000,12 Months Warranty,8.0,128.0,132.0,SAMSUNG,SAMSUNG Galaxy M53 5G
1130,4.5,92000,6.1,3400,Exynos 9 9820 Processor,8.0,512.0,28.0,SAMSUNG,SAMSUNG Galaxy S10
1136,4.3,30499,6.5,4500,Qualcomm Snapdragon 720G Processor,6.0,128.0,76.0,SAMSUNG,SAMSUNG Galaxy A52
1137,4.2,5999,5.5,3000,Qualcomm Snapdragon 410 Quad Core 1.2GHz Processor,1.5,8.0,37.0,SAMSUNG,SAMSUNG Galaxy On7
1140,4.6,53990,6.2,3500,Exynos 8895 Octa Core 2.3GHz Processor,4.0,64.0,36.0,SAMSUNG,SAMSUNG Galaxy S8 Plus
1151,4.1,11999,6.4,6000,12 Months Warranty,4.0,64.0,88.0,SAMSUNG,SAMSUNG Galaxy M32 Prime Edition
1157,0.0,89890,6.7,3700,1 Year Manufacturer for Device and 6 months Manufacturer Warranty for in box accessories,8.0,256.0,36.0,SAMSUNG,SAMSUNG Galaxy Z Flip 5
1170,4.3,15000,6.4,6000,Exynos 9611-Octa Core processor Processor,4.0,64.0,56.0,SAMSUNG,SAMSUNG Galaxy M21
1171,4.3,24990,6.5,6000,ONE YEAR,8.0,128.0,88.0,SAMSUNG,SAMSUNG GALAXY M31S
1174,4.4,83000,6.7,4500,Exynos 990 Processor,8.0,128.0,76.0,SAMSUNG,SAMSUNG Galaxy S20+
1176,4.5,84753,6.8,5000,1 Year,12.0,256.0,132.0,SAMSUNG,SAMSUNG Galaxy S22 ultra 5G
1187,4.1,7400,4.7,2000,Exynos 3475 Quad Core 1.3GHz Processor,1.0,8.0,29.0,SAMSUNG,SAMSUNG Galaxy J2
1191,4.1,25999,6.4,5000,Exynos 1280 Processor,6.0,128.0,56.0,SAMSUNG,SAMSUNG Galaxy A33
1194,4.3,24900,6.4,4000,Exynos 9611 Processor,4.0,128.0,56.0,SAMSUNG,SAMSUNG Galaxy A50s
1196,4.1,99000,7.6,4400,Qualcomm Snapdragon 888 Octa-Core Processor,12.0,512.0,24.0,SAMSUNG,SAMSUNG Galaxy Z Fold3 5G
1204,4.2,103000,6.9,5000,Exynos 990 Processor,12.0,128.0,156.0,SAMSUNG,SAMSUNG Galaxy S20 Ultra
1206,4.3,86000,6.7,4300,Exynos Octa Core Processor,8.0,256.0,76.0,SAMSUNG,SAMSUNG Galaxy Note 20
1207,4.3,14499,6.4,6000,Exynos 9611 Processor,6.0,128.0,72.0,SAMSUNG,SAMSUNG Galaxy F41
1226,4.4,34999,6.7,4500,Qualcomm SM7150 Processor,8.0,128.0,76.0,SAMSUNG,SAMSUNG Galaxy A71
1230,4.5,89999,6.8,5000,Octa Core Processor,12.0,256.0,120.0,SAMSUNG,SAMSUNG Galaxy S22 Ultra 5G
1237,4.5,116000,6.9,4500,Exynos Octa Core Processor,12.0,256.0,120.0,SAMSUNG,SAMSUNG Galaxy Note 20 Ultra 5G
1246,4.2,9999,5.7,4000,Qualcomm Snapdragon (SDM439) Octa Core Processor,3.0,32.0,15.0,SAMSUNG,SAMSUNG Galaxy M01
1254,4.2,10726,6.4,6000,1 Year on Handset and 6 Months On Accessories,4.0,64.0,72.0,SAMSUNG,SAMSUNG Galaxy M21 2021 Edition
1256,3.8,28391,6.5,4500,1 year on phone &amp; 6 months on accessories,8.0,128.0,88.0,SAMSUNG,SAMSUNG A52s
1260,4.2,27250,6.5,4500,1 Year Warranty,8.0,128.0,36.0,SAMSUNG,SAMSUNG Galaxy S20 FE 5G
1261,4.1,43092,5.7,3200,1 Year for Mobile &amp; 6 Months for Accessories,3.0,32.0,37.0,SAMSUNG,SAMSUNG Galaxy Note 3
1267,4.2,9499,6.5,6000,1 YEAR,6.0,128.0,88.0,SAMSUNG,SAMSUNG Galaxy M31s
1270,4.3,11599,5.5,3300,Exynos 7870 Octa Core 1.6 GHz Processor,3.0,64.0,37.0,SAMSUNG,SAMSUNG Galaxy On Nxt
1274,4.3,31000,6.7,4500,Qualcomm SM6150 Processor,6.0,128.0,69.0,SAMSUNG,SAMSUNG Galaxy A70s
1310,4.3,41999,6.7,5000,Qualcomm Snapdragon 720G Processor,8.0,128.0,76.0,SAMSUNG,SAMSUNG Galaxy A72
1334,4.5,128999,6.8,5000,Exynos 2100 Processor,12.0,256.0,120.0,SAMSUNG,SAMSUNG Galaxy S21 Ultra
1335,4.4,16989,6.4,6000,INTEL Processor,6.0,128.0,72.0,SAMSUNG,SAMSUNG M21 2021 Edition
1341,4.3,23999,6.4,5000,MediaTek (MT6768) Octa Core Processor,6.0,128.0,56.0,SAMSUNG,SAMSUNG Galaxy A31
1346,4.6,49990,5.8,3000,Exynos 8895 Octa Core 2.3GHz Processor,4.0,64.0,36.0,SAMSUNG,SAMSUNG Galaxy S8
1350,4.3,19900,5.7,3300,"MediaTek MTK6757V/WL 2.39GHz, 1.69GHz, Octa Core Processor",4.0,32.0,37.0,SAMSUNG,SAMSUNG Galaxy On Max
1354,4.5,84999,6.6,4700,Qualcomm Snapdragon 8 Gen 2 Processor,8.0,256.0,60.0,SAMSUNG,SAMSUNG Galaxy S23 Plus 5G
1366,0.0,85999,6.1,3700,1 year domestic manufacturer warranty for device and 6 months manufacturer warranty for in-box accessories including batteries from the date of purchase,8.0,128.0,74.0,SAMSUNG,SAMSUNG Galaxy S22
1367,0.0,89999,6.7,3700,Qualcomm SM8550-AC Snapdragon 8 Gen 2 (4 nm) Processor,8.0,256.0,24.0,SAMSUNG,SAMSUNG Galaxy Z Flip5 Special Edition
1374,4.0,10999,6.6,5000,(Exynos 1330) Processor,4.0,64.0,52.0,SAMSUNG,SAMSUNG a14 5g
1375,3.4,109999,7.6,4500,Qualcomm SM8250-AB Snapdragon 865+ Processor,12.0,256.0,24.0,SAMSUNG,SAMSUNG Galaxy Fold 2
1402,4.2,43999,6.1,4404,Tensor G3 Processor,8.0,128.0,77.0,Google,Google Pixel 8a
1404,4.6,124999,6.8,5060,Google Tensor G4 Processor,16.0,256.0,98.0,Google,Google Pixel 9 Pro XL
1409,4.3,36999,6.3,4270,Google Tensor G2 Processor,8.0,128.0,62.0,Google,Google Pixel 7
1412,4.5,172999,6.3,4650,Google Tensor G4 Processor,16.0,256.0,58.5,Google,Google Pixel 9 Pro Fold
1415,4.3,44999,6.7,4926,Google Tensor G2 Processor,12.0,128.0,98.0,Google,Google Pixel 7 Pro
1419,4.4,93999,6.7,5050,Tensor G3 Processor,12.0,256.0,98.0,Google,Google Pixel 8 Pro
1426,4.3,43999,6.14,4410,Google Tensor Processor,6.0,128.0,24.2,Google,Google Pixel 6a
1436,4.5,80000,5.5,2915,Qualcomm Snapdragon 845 64-bit Processor,4.0,128.0,36.2,Google,Google Pixel 3
1441,4.2,14999,6.5,6000,Dimensity 7025 Processor,12.0,256.0,58.0,MOTOROLA,Motorola g64 5G
1442,4.5,16999,6.67,5000,6s Gen 3 Processor,8.0,128.0,58.0,MOTOROLA,Motorola G85 5G
1445,4.5,23999,6.7,5000,7s Gen 2 Processor,12.0,256.0,63.0,MOTOROLA,Motorola Edge 50 Fusion
1446,4.4,29999,6.7,4500,7 Gen 3 Mobile Platform Processor,12.0,256.0,63.0,MOTOROLA,Motorola Edge 50 Pro 5G with 125W Charger
1448,4.4,11999,6.5,5000,Snapdragon 6s Gen 3 Processor,8.0,128.0,52.0,MOTOROLA,Motorola g45 5G
1463,4.2,6999,6.6,5000,T606 Processor,4.0,64.0,74.0,MOTOROLA,Motorola g04s
1468,4.3,26999,6.67,5000,Snapdragon 7 Gen 1 Accelerated Edition Processor,8.0,256.0,63.0,MOTOROLA,MOTOROLA Edge 50
1471,4.4,23999,6.4,4310,Dimensity 7300 Processor,8.0,256.0,63.0,MOTOROLA,Motorola Edge 50 Neo
1487,4.3,22999,6.55,5000,Dimensity 7030 Processor,8.0,128.0,63.0,MOTOROLA,Motorola Edge 40 Neo
1488,4.3,51999,6.7,4500,8s Gen 3 Mobile Platform Processor,12.0,512.0,100.0,MOTOROLA,Motorola Edge 50 Ultra 5G
1491,4.2,7699,6.5,5000,Qualcomm Snapdragon 680 Processor,8.0,128.0,58.0,MOTOROLA,Motorola G32
1493,4.2,11999,6.5,5000,Snapdragon 695 5G Processor,8.0,128.0,52.0,MOTOROLA,Motorola G34 5G
1494,4.1,11199,6.78,6000,Qualcomm Snapdragon 732G Processor,6.0,128.0,116.0,MOTOROLA,Motorola G60
1502,4.1,18899,6.55,4020,Qualcomm Snapdragon 778G Plus Processor,8.0,128.0,100.0,MOTOROLA,Motorola Edge 30
1504,4.2,5599,6.6,5000,Unisoc T606 Processor,8.0,128.0,40.0,MOTOROLA,MOTOROLA G04
1508,4.0,8999,6.5,5000,Mediatek Helio G37 Processor,4.0,64.0,18.0,MOTOROLA,Motorola e22s
1510,4.3,29999,6.67,5000,8s Gen3 Processor,12.0,256.0,58.0,POCO,POCO F6 5G
1511,4.4,31999,6.7,4500,7 Gen 3 Mobile Platform Processor,8.0,256.0,63.0,MOTOROLA,Motorola Edge 50 Pro 5G with 68W Charger
1512,4.2,14999,6.5,6000,Dimensity 7020 Processor,8.0,128.0,58.0,MOTOROLA,Motorola g54 5G
1518,4.0,9999,6.5,5000,Unisoc T606 Processor,2.0,64.0,37.0,MOTOROLA,Motorola e13
1521,4.2,12599,6.3,3500,Samsung Exynos 9609 Processor,4.0,128.0,17.0,MOTOROLA,Motorola One Action
1523,4.1,17499,6.55,4020,Qualcomm Snapdragon 778G Plus Processor,6.0,128.0,100.0,MOTOROLA,Motorola edge 30
1524,3.8,13999,6.5,5000,Mediatek Helio G37 Processor,4.0,64.0,58.0,MOTOROLA,Motorola g22
1527,4.2,13299,6.55,5000,Snapdragon 695 Processor,12.0,256.0,58.0,MOTOROLA,Motorola g84 5G
1531,4.1,11899,6.55,5000,Mediatek Helio G99 Processor,6.0,128.0,116.0,MOTOROLA,Motorola g72
1538,4.3,26999,6.5,4400,Dimensity 8020 Processor,8.0,256.0,63.0,MOTOROLA,Motorola Edge 40
1542,4.2,5599,6.6,6000,Helio G85 Processor,4.0,128.0,52.0,MOTOROLA,MOTOROLA g24 Power
1548,4.0,18999,6.67,5000,MediaTek Dimensity 800U Processor,6.0,128.0,116.0,MOTOROLA,Motorola Edge 20 Fusion 5G
1551,4.2,9799,6.6,5000,Qualcomm Snapdragon 680 Processor,6.0,128.0,58.0,MOTOROLA,Motorola g52
1554,4.2,8399,6.4,5000,Mediatek Helio G85 Processor,4.0,64.0,58.0,MOTOROLA,Motorola g31
1557,4.1,4899,6.51,5000,MediaTek Helio G25 Processor,2.0,32.0,15.0,MOTOROLA,Motorola E7 Power
1558,4.0,6299,6.5,5000,Helio G85 Processor,4.0,128.0,52.0,MOTOROLA,Motorola g13
1564,4.1,25999,6.6,5000,Qualcomm Snapdragon 695 5G Processor,8.0,128.0,58.0,MOTOROLA,MOTOROLA g82 5G
1567,4.2,11990,6.47,5000,Qualcomm Snapdragon 680 Processor,4.0,64.0,74.0,MOTOROLA,Motorola G42
1571,4.0,47310,6.9,4200,Brand Warranty of 1 Year Available for Mobile and 6 Months for Accessories,8.0,256.0,88.0,MOTOROLA,MOTOROLA razr 40
1578,4.3,9999,6.5,5000,MediaTek Helio P35 Processor,4.0,64.0,18.0,MOTOROLA,MOTOROLA G8 Power Lite
1582,3.9,11999,6.5,5000,Mediatek Helio G37 Processor,4.0,64.0,52.0,MOTOROLA,Motorola e32
1583,4.1,11999,6.78,6000,Qualcomm Snapdragon 662 Processor,4.0,64.0,66.0,MOTOROLA,Motorola G9 Power
1584,3.9,9999,6.5,5000,Mediatek Helio G37 Processor,4.0,64.0,18.0,MOTOROLA,Motorola e32s
1587,4.1,9999,5.5,5000,MediaTek MTK6737 1.3GHz Processor,3.0,32.0,37.0,MOTOROLA,MOTOROLA Moto E4 Plus
1588,4.0,12999,6.5,5000,Mediatek Dimensity 930 Processor,8.0,128.0,58.0,MOTOROLA,Motorola g73 5G
1594,4.2,4199,6.5,5000,UNISOC T700 Processor,4.0,64.0,50.0,MOTOROLA,Motorola e40
1597,4.1,7699,6.55,5000,Qualcomm Snapdragon 695 5G Processor,6.0,128.0,58.0,MOTOROLA,Motorola G62 5G
1611,4.1,5949,6.5,5000,T616 Processor,4.0,128.0,52.0,MOTOROLA,Motorola g14
1618,4.2,6999,5.0,4000,Mediatek MTK6737 Quad Core 1.3Ghz Processor,2.0,16.0,32.0,MOTOROLA,MOTOROLA Moto C Plus
1621,4.2,11499,6.5,5000,Qualcomm Snapdragon 662 Processor,4.0,64.0,50.0,MOTOROLA,Motorola G9
1631,4.1,10999,6.51,5000,Snapdragon 662 Processor,4.0,64.0,72.0,MOTOROLA,Motorola G30
1632,4.3,39999,6.67,4610,Qualcomm Snapdragon 8+ Gen 1 Processor,12.0,256.0,250.0,MOTOROLA,Motorola Edge 30 Ultra
1633,4.4,16999,6.5,5000,Qualcomm Snapdragon 730G Processor,6.0,128.0,72.0,MOTOROLA,Motorola One Fusion+
1637,4.4,18999,6.2,5000,Qualcomm Snapdragon 636 Processor,4.0,64.0,21.0,MOTOROLA,MOTOROLA Motorola One Power
1644,4.2,9499,6.5,5000,Qualcomm Snapdragon 460 Processor,4.0,64.0,50.0,MOTOROLA,Motorola E7 Plus
1648,3.6,2098,2.4,1750,2 Years Domestic Replacement Warranty,4.0,4.0,24.3,MOTOROLA,MOTOROLA A70 Dual Sim Keypad Phone|2.4 inch Display|1750 mAh Battery|Expandable upto 32GB
1651,4.2,24999,6.67,5000,Qualcomm Snapdragon 750G Processor,6.0,128.0,56.0,MOTOROLA,MOTOROLA Moto G 5G
1653,4.3,23999,5.2,3000,Qualcomm Snapdragon 630 Processor,4.0,64.0,20.0,MOTOROLA,MOTOROLA Moto X4
1654,4.3,16999,5.2,3000,Qualcomm Snapdragon 625 Octa Core 2GHz Processor,4.0,32.0,36.0,MOTOROLA,MOTOROLA Moto G5 Plus
1657,4.1,27999,6.7,4000,Qualcomm Snapdragon 778G Processor,8.0,128.0,116.0,MOTOROLA,Motorola Edge 20 5G
1664,4.0,29999,6.7,4500,Qualcomm Snapdragon 870 5G (SM8250-AC) Processor,8.0,128.0,124.0,MOTOROLA,Motorola Edge 20 Pro 5G
1674,4.2,23999,5.2,2300,Qualcomm Snapdragon 801 MSM8974-AC Processor,2.0,16.0,37.0,MOTOROLA,MOTOROLA Moto X
1677,4.1,7499,6.1,3000,MediaTek Helio P22 Processor,4.0,64.0,15.0,MOTOROLA,MOTOROLA Moto E6s
1688,4.1,69990,6.9,3800,Brand Warranty of 1 Year Available for Mobile and 6 Months for Accessories,8.0,256.0,56.0,MOTOROLA,MOTOROLA razr 40 Ultra
1693,4.2,11899,6.4,5000,Qualcomm Snapdragon 695 Processor,6.0,128.0,58.0,MOTOROLA,MOTOROLA G71 5G
1697,4.2,42999,6.55,4400,Qualcomm Snapdragon 888 + Processor,8.0,128.0,63.0,MOTOROLA,Motorola Edge 30 Fusion
1704,4.2,6999,6.51,6000,Snapdragon 460 Processor,4.0,64.0,56.0,MOTOROLA,Motorola G10 Power
1708,3.7,149999,6.2,2510,SDM710 Processor,6.0,128.0,40.0,MOTOROLA,Motorola Razr
1711,4.0,34999,6.417,4800,Qualcomm Snapdragon 8 Gen 1 Processor,8.0,128.0,100.0,MOTOROLA,Motorola Edge 30 Pro
1713,4.1,10499,6.8,5000,Qualcomm Snapdragon 480 Pro Processor,4.0,64.0,58.0,MOTOROLA,Motorola G51 5G
1717,0.0,69990,6.9,4200,1 Year,8.0,256.0,74.0,MOTOROLA,MOTOROLA Razar 50 Flip
1718,4.2,10999,6.78,6000,Qualcomm Snapdragon 732G Processor,4.0,64.0,72.0,MOTOROLA,Motorola G40 Fusion
1721,4.3,11999,6.2,4000,MediaTek Helio P70 Processor,4.0,64.0,15.0,MOTOROLA,Motorola One Macro
1737,4.5,33999,6.78,5500,Dimensity 9200+ Processor,8.0,256.0,58.0,vivo,vivo T3 Ultra
1738,4.5,38999,6.78,5000,Dimensity 8200 5G Processor,8.0,256.0,100.0,vivo,vivo V30 Pro 5G
1745,4.4,18499,6.67,5000,Dimensity 7200 Processor,8.0,128.0,52.0,vivo,vivo T3 5G
1746,4.5,26999,6.77,5500,Snapdragon 7 Gen 3 Processor,8.0,256.0,58.0,vivo,vivo T3 Pro 5G
1756,3.9,8391,6.56,5000,UNISCO T616 Processor,4.0,64.0,13.08,vivo,vivo Y18i
1760,4.4,30999,6.77,5500,Dimensity 7300 Processor,8.0,256.0,58.0,vivo,vivo V40e 5G
1766,4.4,25999,6.78,5500,6 Gen 1 Processor,8.0,128.0,58.0,vivo,vivo V30e
1770,4.1,9499,6.56,5000,Helios G85 Processor,4.0,128.0,50.08,vivo,vivo Y18
1775,4.3,14999,6.64,5000,Snapdragon 680 Processor,8.0,128.0,52.0,vivo,vivo Y36
1776,4.5,36999,6.78,5500,Snapdragon 7 Gen 3 Processor,8.0,256.0,100.0,vivo,vivo V40 5G
1780,4.5,49999,6.78,5500,Dimensity 9200+ Processor,8.0,256.0,100.0,vivo,vivo V40 Pro 5G
1796,4.4,14999,6.56,5000,Dimensity 6300 Processor,6.0,128.0,50.08,vivo,vivo Y28s 5G
1799,4.4,17999,6.58,5000,Mediatek Dimensity 6020 Processor,4.0,128.0,52.0,vivo,vivo T2x 5G
1805,4.2,10999,6.64,5000,Helio G85 Processor,6.0,128.0,52.0,vivo,vivo Y27
1806,4.4,18499,6.72,6000,4 Gen 2 Processor,8.0,128.0,52.0,vivo,vivo Y58 5G
1810,4.3,15990,6.44,4050,Mediatek G96 Processor,8.0,128.0,58.0,vivo,vivo Y75
1820,4.2,10999,6.56,5000,Dimensity 6300 Processor,4.0,64.0,13.08,vivo,vivo Y28e 5G
1821,4.4,79999,6.78,4700,Qualcomm Snapdragon 8 Gen 1 Mobile Platform Processor,12.0,256.0,98.0,vivo,vivo X80 Pro
1825,4.2,19789,6.67,5000,Snapdragon 4 Gen 2 Processor,6.0,128.0,52.0,vivo,vivo Y200e 5G
1826,4.4,23999,6.38,4500,Snapdragon 695 Processor,6.0,128.0,66.0,vivo,vivo T2 5G
1830,4.5,31999,6.78,5000,7 Gen 3 Processor,8.0,128.0,100.0,vivo,vivo V30 5G
1831,4.2,11999,6.56,5000,Helios G85 Processor,4.0,64.0,13.08,vivo,vivo Y18e
1835,4.3,24738,6.56,4830,Mediatek Dimensity 1300 Processor,8.0,128.0,72.0,vivo,vivo V25 Pro 5G
1836,4.3,16999,6.51,5000,Mediatek Helio P35 Processor,4.0,128.0,15.0,vivo,vivo Y16
1846,4.4,21999,6.67,4800,4 Gen 1 Processor,8.0,128.0,66.0,vivo,vivo Y200 5G
1851,4.5,34999,6.78,4500,Mediatek Dimensity 9000 Processor,8.0,128.0,62.0,vivo,vivo X80
1852,4.4,24999,6.78,5000,695 Processor,8.0,128.0,66.0,vivo,vivo Y200 Pro 5G
1859,4.3,16990,6.56,5000,Dimensity 6020 Processor,8.0,128.0,52.0,vivo,vivo Y28 5G
1860,4.3,9499,6.56,5000,Helio G85 Processor,4.0,64.0,52.0,vivo,vivo Y17s
1861,4.3,14499,6.55,5000,Mediatek Helio G70 Processor,4.0,64.0,52.0,vivo,vivo Y22
1869,4.3,29990,6.56,4300,Mediatek Dimensity 1200 Processor,8.0,128.0,116.0,vivo,vivo V23 Pro 5G
1871,4.5,34625,6.56,4450,MediaTek Dimensity 1200 Processor,8.0,128.0,62.0,vivo,vivo X70 Pro
1872,4.5,39999,6.78,4600,Dimensity 8200 Processor,8.0,256.0,62.0,vivo,vivo V29 Pro 5G
1879,4.3,21947,6.44,4500,Dimensity 900 Processor,8.0,128.0,72.0,vivo,vivo V25 5G
1881,4.4,15999,6.44,5000,Qualcomm Snapdragon 680 Processor,6.0,128.0,52.0,vivo,vivo T1 44W
1882,4.4,25999,6.78,5000,Snapdragon 695 Processor,8.0,128.0,72.0,vivo,vivo V29e 5G
1885,4.1,15999,6.58,5000,Mediatek Dimensity 700 Processor,4.0,128.0,52.0,vivo,vivo Y56 5G
1895,4.4,39999,6.78,4600,Mediatek Dimensity 8200 Processor,8.0,256.0,58.0,vivo,vivo V27 Pro 5G
1896,4.2,11489,6.56,5000,1 year,4.0,64.0,37.0,vivo,vivo Y28e
1900,4.5,19990,6.38,4500,Qualcomm Snapdragon 712 AIE Processor,6.0,64.0,56.0,vivo,vivo Z1x
1902,4.4,53599,6.78,4810,Dimensity 9200 Processor,8.0,256.0,62.0,vivo,vivo X90
1909,4.5,32999,6.78,4600,778G Processor,8.0,128.0,58.0,vivo,vivo V29 5G
1910,4.2,7999,6.51,5000,Mediatek Helio P35 Processor,2.0,32.0,32.0,vivo,vivo Y01
1912,4.4,16990,6.58,5000,Qualcomm Snapdragon 695 Processor,6.0,128.0,52.0,vivo,vivo T1 5G
1925,4.5,24900,6.44,4500,Qualcomm Snapdragon 675AIE Processor,8.0,128.0,56.0,vivo,vivo V17
1946,4.3,12625,6.51,5000,Mediatek Helio P22 Processor,4.0,64.0,15.0,vivo,vivo Y21A
1950,4.3,18990,6.51,5000,1 year,6.0,128.0,37.0,vivo,vivo Y20G
1960,4.2,9499,6.51,5000,Mediatek Helio P35 Processor,3.0,32.0,15.0,vivo,vivo Y15c
1970,4.3,23999,6.38,4500,Mediatek Dimensity 900 Processor,8.0,128.0,66.0,vivo,vivo Y100 5G
1972,4.3,15490,6.58,5000,MediaTek Helio G80 Processor,8.0,128.0,66.0,vivo,vivo Y53s
1976,4.3,15249,6.58,5000,MediaTek Helio G80 Processor,8.0,128.0,52.0,vivo,vivo Y33s
1980,4.3,13990,6.51,5000,MediaTek Helio P35 Processor,4.0,64.0,15.0,vivo,vivo Y20G 2021
1985,4.3,9490,6.51,5000,Mediatek Helio P35 Processor,2.0,32.0,37.0,vivo,vivo Y3s
1989,4.2,7999,6.51,5000,Mediatek Helio P35 Processor,2.0,32.0,32.0,vivo,vivo Y01A
1995,4.3,14990,5.5,3000,Mediatek MT6750 Octa Core 1.5GHz Processor,3.0,32.0,37.0,vivo,vivo Y69
1996,4.4,22221,5.99,3225,Qualcomm Snapdragon 450 Octa Core 1.8 GHz Processor,4.0,64.0,40.0,vivo,vivo V7+
1999,4.2,7699,6.51,5000,12 Months,3.0,32.0,32.0,vivo,vivo Y02
2000,4.4,14879,6.58,5000,1 Year Manufacturer Warranty for Phone and 6 Months Warranty for In the Box Accessories,8.0,128.0,52.0,vivo,vivo Y33T
2005,4.4,7990,6.22,4030,MediaTek Helio A22 Processor,2.0,16.0,32.0,vivo,vivo Y90
2006,4.4,11490,6.51,5000,Qualcomm Snapdragon 460 Processor,3.0,64.0,15.0,vivo,vivo Y20i
2009,4.3,10690,6.51,5000,12 months,3.0,64.0,37.0,vivo,vivo Y21E
2010,4.4,24990,6.44,4500,Domestic 1 Year of Device &amp; 6 Months for In-Box Accessories,8.0,128.0,88.0,vivo,vivo V25
2011,4.4,10990,6.35,5000,Qualcomm Snapdragon 665 AIE Processor,3.0,32.0,21.0,vivo,vivo U10
2012,4.3,13499,6.51,5000,Mediatek Helio P35 Processor,4.0,64.0,15.0,vivo,vivo Y21
2015,4.2,9990,5.0,2500,Qualcomm Snapdragon 425 64-bit Quad Core 1.4GHz Processor,2.0,16.0,32.0,vivo,vivo Y53
2016,4.4,19990,6.44,4000,MediaTek Helio G95 Processor,8.0,128.0,66.0,vivo,vivo Y73
2020,4.3,18990,6.47,5000,MediaTek Helio P35 Processor,6.0,128.0,21.0,vivo,vivo Y30
2025,4.4,27990,6.44,4000,Qualcomm Snapdragon 720G Processor,8.0,128.0,72.0,vivo,vivo V20
2026,4.4,16990,6.22,3260,Mediatek Helio P22 Processor,4.0,64.0,15.0,vivo,vivo Y83 Pro
2031,4.4,10990,6.22,4030,Qualcomm Snapdragon 439 Processor,3.0,32.0,15.0,vivo,vivo Y91
2032,4.3,15490,6.51,5000,Qualcomm Snapdragon 662 Processor,6.0,64.0,15.0,vivo,vivo Y20T
2036,4.4,15990,6.35,5000,MediaTek Helio P22 Processor,4.0,64.0,15.0,vivo,vivo Y15
2041,4.4,14990,6.22,4030,MediaTek Helio P22 Processor,3.0,64.0,15.0,vivo,vivo Y93
2045,4.3,14990,6.35,5000,MediaTek Helio P22 Processor,4.0,32.0,15.0,vivo,vivo Y12
2050,4.3,10990,6.51,5000,Qualcomm Snapdragon 439 Processor,3.0,32.0,15.0,vivo,vivo Y12G
2060,4.4,19990,6.3,3260,Qualcomm Snapdragon 450 Processor,4.0,32.0,18.0,vivo,vivo V9 Youth
2061,4.3,12990,6.51,5000,Qualcomm Snapdragon 439 Processor,3.0,64.0,15.0,vivo,vivo Y20A
2062,4.5,15990,6.53,5000,Qualcomm Snapdragon 712 AIE Octa Core 2.3GHz Processor,4.0,64.0,18.0,vivo,vivo Z1Pro
2064,4.5,12999,6.67,5100,Dimensity 6300 Processor,6.0,128.0,34.0,OPPO,OPPO K12x 5G with 45W SUPERVOOC Charger In-The-Box
2071,4.3,19999,6.7,5000,Dimensity 7050 Processor,8.0,128.0,72.0,OPPO,OPPO F25 Pro 5G
2072,4.4,40999,6.7,5000,Dimensity 7300 Energy Processor,12.0,512.0,58.0,OPPO,OPPO Reno 12 Pro 5G
2075,4.2,22999,6.67,5000,Dimensity 6300 Processor,8.0,256.0,52.0,OPPO,OPPO F27 5G
2077,4.3,27999,6.7,5000,Dimensity 7050 Processor,8.0,128.0,66.0,OPPO,OPPO F27 Pro+
2078,4.4,29999,6.7,4600,Mediatek Dimensity 8200 Processor,12.0,256.0,58.0,OPPO,OPPO Reno11 Pro 5G
2081,4.2,15999,6.67,5100,Dimensity 6300 Processor,6.0,128.0,74.0,OPPO,OPPO A3 5G
2082,4.4,32999,6.7,5000,Dimensity 7300 Energy Processor,8.0,256.0,58.0,OPPO,OPPO Reno 12 5G
2087,4.3,10989,6.56,5000,Helio G70 (MT6769) Processor,4.0,128.0,52.0,OPPO,OPPO A38
2092,4.2,11995,6.56,5000,Mediatek Helio G35 Processor,4.0,128.0,52.0,OPPO,OPPO A77
2097,4.3,10899,6.43,5000,Snapdragon 680 Processor,8.0,128.0,52.0,OPPO,OPPO A78
2098,4.3,13999,6.56,5000,Dimensity 6020 Processor,4.0,128.0,15.0,OPPO,OPPO A59 5G
2105,4.3,19999,6.67,5100,Dimensity 6300 5G Mobile Platform Processor,8.0,256.0,52.0,OPPO,OPPO A3 Pro 5G
2112,4.3,21374,6.7,4800,Qualcomm Snapdragon 695 Processor,8.0,128.0,110.0,OPPO,OPPO Reno8T 5G
2115,4.3,12299,6.72,5000,Mediatek Dimensity 6020 Processor,8.0,128.0,48.0,OPPO,OPPO A79 5G
2116,4.3,37999,6.7,4600,Snapdragon 778G 5G Processor,12.0,256.0,82.0,OPPO,OPPO Reno10 Pro 5G
2117,4.3,74999,6.8,4300,Mediatek Dimensity 9200 Processor,12.0,256.0,98.0,OPPO,OPPO Find N3 Flip
2118,4.3,32999,6.7,5000,Mediatek Dimensity 7050 Processor,8.0,256.0,96.0,OPPO,OPPO Reno10 5G
2121,4.3,9499,6.56,5000,Helio G85 Processor,4.0,128.0,10.0,OPPO,OPPO A18
2125,0.0,15899,6.67,5100,Dimensity 6300 Processor,6.0,128.0,74.0,OPPO,OPPO CPH2693
2128,4.0,20890,6.43,4500,1 Year Warranty for Phone and 6 Months Warranty for In-Box Accessories,8.0,128.0,66.0,OPPO,OPPO F21SPRO
2131,4.3,14699,6.43,4500,12 months,8.0,128.0,88.0,OPPO,OPPO F21 Pro
2132,4.3,18990,6.56,5000,6833 Processor,8.0,128.0,52.0,OPPO,OPPO A78 5G
2135,4.1,12299,6.67,5100,Dimensity 6300 Processor,4.0,64.0,16.0,OPPO,OPPO A3x 5G
2137,4.2,15399,6.43,4500,Snapdragon 680 Processor,8.0,128.0,66.0,OPPO,OPPO F21s Pro
2138,4.5,54999,6.74,4700,Snapdragon 8+ Gen 1 Processor,12.0,256.0,114.0,OPPO,OPPO Reno10 Pro+ 5G
2141,4.3,29999,6.7,5000,Mediatek Dimensity 7050 Processor,8.0,256.0,58.0,OPPO,OPPO Reno11 5G
2151,0.0,8999,6.67,5100,6s 4G Gen1 Processor,4.0,64.0,58.0,OPPO,OPPO A3x
2152,4.1,89999,6.8,4300,Mediatek Dimensity 9000+ Processor,8.0,256.0,58.0,OPPO,OPPO Find N2 Flip
2157,4.3,12999,6.72,5000,Helio G85 Processor,6.0,128.0,52.0,OPPO,OPPO A58
2168,4.3,18990,6.51,5000,MediaTek Helio G35 Processor,4.0,128.0,52.0,OPPO,OPPO A55
2176,4.2,18199,6.43,4500,12 months,8.0,128.0,40.0,OPPO,OPPO F21 Pro 5G
2183,4.2,13499,6.79,5030,4 Gen 2 AE Processor,6.0,128.0,110.0,REDMI,REDMI 13 5G
2184,4.1,17999,6.78,5000,Mediatek Dimensity 7020 Processor,8.0,256.0,110.0,Infinix,Infinix Note 40 Pro 5G
2185,4.3,7799,6.6,6000,Mediatek Helio G36 Processor,4.0,128.0,98.0,Infinix,Infinix Smart 8 Plus
2187,4.4,6499,6.6,5200,MediaTek Helio G70 Processor,4.0,64.0,37.0,Infinix,Infinix Hot 11
2189,4.3,22999,6.78,5000,Dimensity 8200 Ultimate Processor,8.0,256.0,110.0,Infinix,Infinix GT 20 Pro
2190,4.3,13999,6.78,5000,Dimensity 6300 Processor,12.0,256.0,110.0,Infinix,Infinix Note 40X 5G
2197,4.1,8999,6.6,5000,Unisoc T606 Processor,8.0,256.0,98.0,Infinix,Infinix HOT 40i
2198,4.4,10999,6.7,5000,Dimensity 6300 Processor,8.0,128.0,72.0,Infinix,Infinix Hot 50 5G
2204,4.3,7999,6.6,5000,Helio G36 Processor,8.0,128.0,98.0,Infinix,Infinix SMART 8
2216,4.3,6999,6.6,5000,T606 Processor,4.0,64.0,61.0,Infinix,Infinix SMART 8 HD
2222,4.2,21999,6.78,4600,Mediatek Dimensity 7020 Processor,12.0,256.0,110.0,Infinix,Infinix Note 40 Pro+ 5G
2226,4.2,30999,6.78,5000,Dimensity 8200 Ultimate Processor,12.0,512.0,158.0,Infinix,Infinix Zero 40 5G
2229,4.2,12999,6.7,5000,MediaTek Helio G88 Processor,6.0,128.0,52.0,Infinix,Infinix Note 12
2232,4.3,12499,6.7,5000,Mediatek Helio G88 Processor,4.0,64.0,52.0,Infinix,Infinix Note 11
2234,4.2,7149,6.6,5000,Unisoc T616 Processor,6.0,64.0,74.0,Infinix,Infinix Hot 12 Pro
2237,4.1,15999,6.78,5000,Dimensity 7020 Processor,8.0,256.0,110.0,Infinix,Infinix Note 40 5G
2238,4.3,10999,6.78,5000,MediaTek Helio G88 Processor,4.0,64.0,52.0,Infinix,Infinix Hot 11S
2240,4.3,5849,6.82,6000,Unisoc T610 Processor,4.0,64.0,37.0,Infinix,Infinix HOT 12 Play
2248,4.3,9499,6.6,5000,G37 Processor,8.0,128.0,98.0,Infinix,Infinix HOT 30i
2254,4.2,24999,6.78,5000,Dimensity 8020 Processor,12.0,256.0,121.0,Infinix,Infinix Zero 30 5G
2257,4.3,4679,6.52,5000,MediaTek Helio A20 Processor,2.0,32.0,32.0,Infinix,Infinix Smart 5A
2261,4.2,12499,6.78,6000,Dimensity 6020 5G Processor,4.0,128.0,98.0,Infinix,Infinix HOT 30 5G
2263,4.2,15999,6.78,5000,Dimensity 6080 Processor,8.0,256.0,110.0,Infinix,Infinix Note 30 5G
2266,4.3,10990,6.82,6000,MediaTek Helio G85 Processor,6.0,64.0,50.0,Infinix,Infinix Hot 10S
2268,4.4,7990,6.82,6000,Mediatek Helio A25 Processor,3.0,32.0,37.0,Infinix,Infinix Smart 4 Plus
2293,4.5,9999,6.52,5000,Helio P22 (MTK6762) Processor,4.0,64.0,15.0,Infinix,Infinix Hot 8
2302,4.1,6999,5.45,3050,MTK6739 64 bit Quad Core Processor,2.0,16.0,37.0,Infinix,Infinix Smart 2
2307,4.1,13208,6.6,5000,Dimensity 810 Processor,4.0,64.0,98.0,Infinix,Infinix HOT 20 5G
2309,4.3,8299,6.82,5000,Mediatek Helio G25 Processor,3.0,64.0,32.0,Infinix,Infinix Smart 6 Plus
2312,4.3,4874,6.6,6000,Unisoc Spreadtrum SC9863A1 Processor,4.0,64.0,61.0,Infinix,Infinix SMART 7
2313,4.3,4874,6.6,5000,Mediatek Helio A22 Processor,2.0,64.0,32.0,Infinix,Infinix Smart 6
2320,4.3,4549,6.6,5000,Mediatek Helio A22 Processor,2.0,32.0,32.0,Infinix,Infinix Smart 6 HD
2321,4.2,10999,6.7,5000,Mediatek Helio G85 Processor,4.0,64.0,52.0,Infinix,Infinix NOTE 12i
2323,4.2,12999,6.78,5000,Mediatek Dimensity 900 Processor,8.0,128.0,61.0,Infinix,Infinix Zero 5G
2325,4.4,8999,6.82,6000,MediaTek Helio A22 Processor,2.0,32.0,37.0,Infinix,Infinix Smart 4
2330,4.1,17999,6.7,4500,Mediatek G99 Processor,8.0,128.0,121.0,Infinix,Infinix Zero 20
2331,4.4,8999,6.82,6000,MediaTek G37 Processor,4.0,64.0,61.0,Infinix,Infinix HOT 20 Play
2334,4.2,4029,6.6,5000,Spreadtrum SC9863A1 Processor,2.0,64.0,56.0,Infinix,Infinix Smart 7 HD
2337,4.1,15321,6.6,5000,Dimensity 810 Processor,6.0,128.0,98.0,Infinix,Infinix Hot 20 5G
2338,4.3,10399,6.95,5000,MediaTek Helio G96 Processor,8.0,128.0,52.0,Infinix,Infinix Note 11s Free Fire Edition
2341,4.1,19999,6.78,5000,Mediatek Dimensity 1080 Processor,8.0,256.0,52.0,Infinix,Infinix Zero 5G 2023 TURBO
2342,4.2,7490,6.21,3500,MediaTek A22 Quad Core 2.0 GHz Processor,2.0,32.0,15.0,Infinix,Infinix Smart 3 Plus
2343,4.4,12999,6.6,5000,MediaTek Helio P22 (64 bit) Processor,4.0,64.0,50.0,Infinix,Infinix Hot 9 Pro
2345,4.2,9999,6.21,4000,2.0 GHz Helio P22 64-bit Octa Core Processor,3.0,32.0,15.0,Infinix,Infinix S4
2347,4.3,4874,6.82,6000,MediaTek Helio G25 Processor,2.0,32.0,38.0,Infinix,Infinix Smart 5
2351,4.3,4224,6.1,5000,MediaTek Helio A20 Processor,2.0,32.0,32.0,Infinix,Infinix Smart HD 2021
2355,4.3,14999,6.95,5000,MediaTek Helio G70 Processor,4.0,64.0,50.0,Infinix,Infinix Note 7
2359,4.2,6499,6.82,6000,Meditek Helio G37 Processor,4.0,64.0,52.0,Infinix,Infinix Hot 12
2365,4.3,13999,6.95,5000,MediaTek Helio G96 Processor,6.0,64.0,52.0,Infinix,Infinix Note 11s
2374,4.2,9749,6.7,5000,Mediatek Helio G96 Processor,8.0,128.0,52.0,Infinix,Infinix Note 12 TURBO
2375,4.2,9999,5.65,4000,Qualcomm Snapdragon 430 MSM8937 Processor,3.0,32.0,37.0,Infinix,Infinix Hot S3
2376,4.4,11999,6.6,5000,MediaTek Helio P22 (64 bit) Processor,4.0,64.0,15.0,Infinix,Infinix Hot 9
2377,4.2,18999,6.85,4500,MediaTek Helio G90T Processor,8.0,128.0,56.0,Infinix,Infinix Zero 8i
2380,4.2,8999,5.7,4300,Mediatek MT6753 Octa Core 1.3 Ghz Processor,3.0,32.0,37.0,Infinix,Infinix Note 4
2383,3.9,16999,5.93,4000,Mediatek Helio P23 Octa-core Processor,4.0,64.0,40.0,Infinix,Infinix Note 5 Stylus
2387,4.2,10399,6.7,5000,Mediatek Dimensity 810 5G Processor,6.0,64.0,52.0,Infinix,Infinix Note 12 5G
2394,4.2,16999,6.7,5000,Mediatek Helio G99 Processor,8.0,256.0,110.0,Infinix,Infinix Note 12 Pro
2396,4.3,9999,6.6,4000,Helio P22 (MTK6762) Processor,4.0,64.0,18.0,Infinix,Infinix S5 Lite
2400,4.4,11999,6.78,5200,MediaTek Helio G70 Processor,4.0,64.0,18.0,Infinix,Infinix Hot 10
2408,4.2,6499,6.7,5000,UniSoc T610 Processor,4.0,64.0,15.0,Infinix,Infinix Hot 11 2022
2409,4.2,10999,6.95,5000,MediaTek Helio G85 Processor,4.0,64.0,50.0,Infinix,Infinix Note 10
2420,4.2,10999,6.2,4000,Qualcomm Snapdragon Octa-core Processor,3.0,32.0,15.0,Infinix,Infinix Hot S3X
2424,4.2,9999,6.19,4000,Helio P25 (MTK6757CD) Processor,4.0,64.0,15.0,Infinix,Infinix Hot 7
2426,4.0,36999,6.8,4500,Mediatek Dimensity 920 Processor,8.0,256.0,213.0,Infinix,Infinix Zero Ultra
2427,4.2,10999,5.99,4500,Mediatek helio P23 Octa core Processor,3.0,32.0,36.0,Infinix,Infinix Note 5
2431,4.0,7499,5.5,4000,Mediatek MT6737 Quad Core 1.3GHz Processor,3.0,16.0,37.0,Infinix,Infinix Hot 4 Pro
2444,4.2,17999,5.98,4350,Mediatek Helio P25 MT6757 Octa Core 2.6 GHz Processor,6.0,64.0,25.0,Infinix,Infinix Zero 5
2445,4.3,10999,6.6,4000,Helio P22 (MTK6762) Processor,4.0,64.0,21.0,Infinix,Infinix S5
2451,4.3,9490,6.82,6000,MediaTek Helio G35 Processor,4.0,64.0,37.0,Infinix,Infinix Hot 10 Play
2459,4.1,12349,6.7,5000,Mediatek Dimensity 810 5G Processor,8.0,128.0,110.0,Infinix,Infinix Note 12 Pro 5G
2460,4.2,11049,6.95,5000,MediaTek Helio G95 Processor,8.0,256.0,72.0,Infinix,Infinix Note 10 Pro
2463,4.1,17999,6.78,5000,Mediatek Dimensity 920 Processor,8.0,128.0,52.0,Infinix,Infinix Zero 5G 2023
2465,4.2,24999,6.67,5000,Dimesity 8050 Processor,8.0,256.0,110.0,Infinix,Infinix GT10 Pro
2467,4.4,12999,6.53,4000,MediaTek Helio P35 (MTK6765) Processor,4.0,64.0,50.0,Infinix,Infinix S5 Pro
2475,4.4,26999,6.7,5000,Dimensity 7200 Pro Processor,12.0,256.0,100.0,Nothing,Nothing Phone
2501,4.1,7999,6.74,5000,Mediatek Dimensity 6100+ Processor,4.0,64.0,74.0,POCO,POCO M6 5G
2502,4.3,6999,6.74,5000,Helio G85 Processor,4.0,128.0,98.0,POCO,POCO C65
2512,4.1,5799,6.71,5000,Helio G36 Processor,4.0,64.0,32.0,POCO,POCO C61  - Locked with Airtel Prepaid
2513,4.1,6299,6.71,5000,Helio G36 Processor,4.0,64.0,32.0,POCO,POCO C61
2531,4.3,18999,6.67,5100,7s Gen 2 Mobile Platform 5G Processor,12.0,512.0,72.0,POCO,POCO X6 5G
2548,4.0,8499,6.52,5000,Helio G36 Processor,4.0,64.0,32.0,POCO,POCO C51
2549,4.2,7290,6.52,5000,"Mediatek Helio A22 Processor, Upto 2.0 GHz Processor",2.0,32.0,32.0,POCO,POCO C50
2551,4.2,10999,6.71,5000,Mediatek Helio G85 Processor,6.0,128.0,74.0,POCO,POCO C55
2552,4.3,13999,6.67,5160,Qualcomm Snapdragon 860 Processor,6.0,128.0,56.0,POCO,POCO X3 Pro
2553,4.3,12330,6.43,5000,Mediatek Helio G96 Processor,6.0,128.0,72.0,POCO,POCO M4 Pro
2556,4.3,6165,6.53,5000,Mediatek Helio G35 Processor,3.0,32.0,15.0,POCO,POCO C3
2557,4.3,17999,6.67,4500,Qualcomm Snapdragon 870 Processor,6.0,128.0,72.0,POCO,POCO F4 5G
2558,4.2,12999,6.79,5000,Snapdragon 4 Gen 2 Processor,6.0,128.0,52.0,POCO,POCO M6 Pro 5G
2562,4.3,13599,6.67,5000,Qualcomm Snapdragon 778G Processor,8.0,256.0,116.0,POCO,POCO X5 Pro 5G
2569,4.2,10499,6.58,5000,Mediatek Dimensity 700 Processor,6.0,128.0,52.0,POCO,POCO M4 5G
2570,4.3,10990,6.5,5000,MediaTek Dimensity 700 Processor,4.0,64.0,50.0,POCO,POCO M3 Pro 5G
2574,4.2,15990,6.67,5000,Qualcomm Snapdragon 695 5G Processor,6.0,64.0,72.0,POCO,POCO X4 Pro 5G
2577,4.0,8499,6.52,5000,Helio G36 Processor,4.0,64.0,32.0,POCO,POCO C51 - Locked with Airtel Prepaid
2581,4.3,8499,6.53,5000,MediaTek Helio G35 Processor,3.0,32.0,15.0,POCO,POCO C31
2592,4.5,20999,6.67,4500,Qualcomm Snapdragon 730G Processor,8.0,256.0,72.0,POCO,POCO X2
2593,4.3,8490,6.53,5000,MediaTek Helio G80 Processor,4.0,64.0,21.0,POCO,POCO M2 Reloaded
2594,4.2,10199,6.58,5000,Mediatek Helio G99 Processor,6.0,128.0,52.0,POCO,POCO M5
2602,4.1,8249,6.74,5000,Mediatek Dimensity 6100+ Processor,4.0,128.0,74.0,POCO,POCO M6 5G - Locked with Airtel Prepaid
2611,4.2,9499,6.67,5000,Qualcomm Snapdragon 695 Processor,6.0,128.0,56.0,POCO,POCO X5 5G
2612,4.2,9099,6.6,5000,Mediatek Dimensity 810 Processor,6.0,128.0,58.0,POCO,POCO M4 Pro 5G
2613,4.4,20999,6.67,5000,Qualcomm Snapdragon 7+ Gen 2 (4nm) Processor,8.0,256.0,72.0,POCO,POCO F5 5G
2621,4.3,10790,6.53,6000,Qualcomm Snapdragon 662 Processor,6.0,128.0,50.0,POCO,POCO M3
2634,4.3,14890,6.67,6000,Qualcomm Snapdragon 732G Processor,6.0,64.0,77.0,POCO,POCO X3
2653,4.4,10490,6.53,5000,MediaTek Helio G80 Processor,6.0,64.0,21.0,POCO,POCO M2
2677,4.4,17999,6.67,5000,Qualcomm Snapdragon 720G Processor,6.0,64.0,56.0,POCO,POCO M2 Pro
2718,4.3,32999,6.67,5065,MediaTek Dimensity 1200 Processor,6.0,128.0,72.0,POCO,POCO F3 GT 5G
2728,4.5,30999,6.18,4000,Qualcomm Snapdragon 845 Processor,8.0,256.0,17.0,POCO,POCO F1
2765,4.5,13499,6.72,5000,Dimensity 6100+ Processor,8.0,128.0,52.0,realme,realme 12x 5G
2773,4.5,21999,6.7,5200,7s Gen2 Processor,8.0,128.0,58.0,realme,realme P2 Pro 5G
2780,4.4,8999,6.745,5000,T612 Processor,6.0,128.0,56.0,realme,realme C61
2781,4.3,8499,6.745,5000,T612 Processor,4.0,64.0,74.0,realme,realme C63
2786,4.4,23999,6.7,5000,Snapdragon 6 Gen 1 Processor,8.0,256.0,58.0,realme,realme 12 Pro 5G
2791,4.3,7130,6.74,5000,1 Year,4.0,64.0,56.0,realme,realme Narzo N61
2797,4.3,8170,6.74,5000,1 year manufacture warranty,4.0,64.0,74.0,realme,realme NARZO N63
2798,4.4,20999,6.7,5000,6 Gen 1 Processor,12.0,256.0,58.0,realme,realme P1 Pro 5G
2804,4.2,12975,6.72,5000,"Dimensity 6100 Plus, Octa Core Processor",8.0,128.0,74.0,realme,realme NARZO 70X 5G
2822,4.4,26999,6.7,5000,Snapdragon 7s Gen 2 Processor,12.0,256.0,58.0,realme,realme 12 Pro+ 5G
2825,4.3,16899,6.67,5000,1 Year Domestic Warranty for Phone and 6 Months Warranty for In-Box Accessories,6.0,128.0,74.0,realme,realme narzo 70 5G
2842,4.1,8999,6.745,5000,Domestic Warranty  1 year for handset and 6 months for accessories.,4.0,128.0,74.0,realme,realme Narzo N63 4G
2847,4.5,44999,6.78,5500,8s Gen 3 Mobile Platform Processor,16.0,512.0,58.0,realme,realme GT 6
2848,4.2,10749,6.67,5000,Dimensity 6300 Processor,4.0,128.0,74.0,realme,realme C65 5G
2849,4.4,28999,6.7,5200,Snapdragon 7s Gen2 Processor,8.0,256.0,58.0,realme,realme 13 Pro 5G
2850,4.3,21999,6.67,5000,Dimensity 7050 Processor,8.0,256.0,58.0,realme,realme 12+ 5G
2861,4.4,24999,6.67,5000,Dimensity 7300 Energy Processor,8.0,256.0,52.0,realme,realme 13+ 5G
2872,4.2,23999,6.43,4500,Qualcomm Snapdragon 888 Processor,8.0,128.0,72.0,realme,realme GT 5G
2886,4.5,17157,6.67,5000,Segment's Fastest Dimensity 7300 Energy 5G Chipset Processor,8.0,128.0,74.0,realme,realme 70 TURBO 5G
2893,4.3,11573,6.67,5000,1 Year,6.0,128.0,74.0,realme,realme Narzo N65 5G
2894,4.3,11405,6.67,5000,1 Year,6.0,128.0,74.0,realme,realme NARZO N65 5G
2900,4.4,16999,6.72,5000,Dimensity 6100+ Processor,6.0,128.0,110.0,realme,realme 12 5G
2902,4.6,37574,6.78,5500,1 Year,12.0,512.0,74.0,realme,realme GT 6T 5G
2907,4.3,19999,6.72,5000,Dimensity 6300 Processor,8.0,256.0,52.0,realme,realme 13 5G
2921,4.3,10499,6.72,5000,Dimensity 6100+ Processor,6.0,128.0,52.0,realme,realme C67 5G
2931,4.2,10990,6.74,5000,"Android 13, Realme UI T Processor",8.0,128.0,74.0,realme,realme Narzo N53
2935,4.4,10499,6.6,5000,Mediatek Dimensity 810 5G Processor,4.0,64.0,52.0,realme,realme 9i 5G
2936,4.4,9799,6.72,5000,Helio G88 Processor,8.0,128.0,66.0,realme,realme C55
2941,4.3,18999,6.72,5000,Qualcomm Snapdragon 695 5G Processor,6.0,128.0,110.0,realme,realme 10 Pro 5G
2946,4.4,11499,6.5,6000,MediaTek Helio G85 Processor,4.0,64.0,52.0,realme,realme Narzo 50A
2947,4.4,9734,6.6,5000,Unisoc Tiger T616 Processor,4.0,128.0,52.0,realme,realme C35
2951,4.4,24999,6.7,5000,Mediatek Dimensity 1080 5G Processor,6.0,128.0,116.0,realme,realme 10 Pro+ 5G
2952,4.3,24980,6.67,5000,1 Year Domestic Warranty for Phone and 6 Months Warranty for In-Box Accessories,8.0,256.0,74.0,realme,realme Narzo 70 Pro 5G
2955,4.3,11199,6.72,5000,Dimensity 6100+ Processor,8.0,128.0,66.0,realme,realme 11x 5G
2958,4.3,6699,6.74,5000,T612 Processor,4.0,128.0,50.08,realme,realme C51
2965,4.3,13299,6.72,5000,Dimensity 6100+ Processor,8.0,128.0,110.0,realme,realme 11 5G
2966,4.4,5299,6.5,5000,Octa-core Processor,2.0,32.0,32.0,realme,realme C11 2021
2985,4.3,9315,6.72,5000,1 Year Domestic Warranty for Phone and 6 Months Warranty for In-Box Accessories,6.0,128.0,88.0,realme,realme Narzo N55
2987,4.2,8499,6.5,5000,Unisoc SC9863A/ Unisoc SC9863A1 Processor,4.0,64.0,32.0,realme,realme C30s
2988,4.4,9999,6.5,5000,Unisoc T610 Octa Core Processor,4.0,128.0,52.0,realme,realme C25Y
2991,4.5,9999,6.5,5000,Unisoc T618 Processor,4.0,128.0,52.0,realme,realme C25_Y
2992,4.5,13999,6.5,5000,Mediatek Dimensity 810 Processor,4.0,64.0,50.0,realme,realme 9 5G
2995,4.3,11944,6.72,5000,Domestic Warranty 1 Year For Handset and 6 Months For Accessories.,6.0,128.0,74.0,realme,realme Narzo 60X 5G
3002,4.2,38999,6.7,5000,Mediatek Dimensity 8100 Processor,8.0,256.0,58.0,realme,realme GT Neo 3
3011,4.1,11490,6.6,5000,1 YEAR ON MOBILE AND 6 MONTHS FOR ACCESORIES,4.0,64.0,74.0,realme,realme NARZO 50A PRIME
3015,4.4,17999,6.6,4300,Snapdragon 720G Processor,6.0,64.0,76.0,realme,realme 6 Pro
3016,4.2,15999,6.4,5000,Mediatek Helio G99 Octa Core Processor,4.0,64.0,52.0,realme,realme 10
3017,4.4,7999,6.52,5000,Helio G70 Processor,3.0,32.0,14.0,realme,realme C3
3035,4.4,17999,6.5,5000,MediaTek Dimensity 810 5G Processor,6.0,128.0,66.0,realme,realme 8s 5G
3038,4.3,8999,6.5,5000,SC9863A Processor,4.0,64.0,32.0,realme,realme Narzo 50i
3039,4.4,8999,6.5,6000,MediaTek Helio G85 Processor,4.0,64.0,15.0,realme,realme C25s
3042,4.4,8999,6.5,5000,Unisoc T612 Processor,3.0,32.0,50.3,realme,realme C33
3044,4.4,10499,6.6,5000,Mediatek Helio G96 Processor,4.0,64.0,52.0,realme,realme Narzo 50
3047,4.4,19999,6.4,4500,Qualcomm Snapdragon 720G Processor,8.0,128.0,116.0,realme,realme 8 Pro
3052,4.5,10999,6.5,5000,Qualcomm Snapdragon 665 2 GHz Processor,3.0,32.0,20.0,realme,realme 5
3064,4.2,5999,6.5,5000,Unisoc T612 Processor,2.0,32.0,32.0,realme,realme C30
3071,4.5,13499,6.6,5000,Qualcomm Snapdragon 680 (SM6225) Processor,4.0,128.0,52.0,realme,realme 9i
3075,4.4,29999,6.43,4500,MediaTek Dimensity 1200 Processor,8.0,128.0,72.0,realme,realme X7 Max
3085,4.4,26999,6.62,5000,Qualcomm Snapdragon 870 Processor,12.0,256.0,72.0,realme,realme GT NEO 2
3089,4.4,17999,6.5,4300,MediaTek Helio G90T Processor,6.0,64.0,72.0,realme,realme 6
3091,4.5,11499,6.6,5000,MediaTek Helio G96 Processor,4.0,64.0,52.0,realme,realme 8i
3093,4.6,7499,6.5,5000,Unisoc T610 Processor,3.0,32.0,15.0,realme,realme C21Y
3096,4.4,16999,6.6,5000,12Months Brand Warranty,6.0,128.0,72.0,realme,realme narzo 50 5G
3100,4.3,7199,6.74,5000,Helio G85 Processor,4.0,128.0,74.0,REDMI,REDMI 13C
3102,4.2,7999,6.79,5000,Helio G88 Processor,6.0,128.0,58.0,REDMI,REDMI 12
3106,4.2,10732,6.74,5000,1 Year,6.0,128.0,74.0,REDMI,REDMI 13c 5G
3109,4.3,19090,6.67,5100,7s Gen 2 Mobile Platform 5G Processor,8.0,128.0,208.0,REDMI,REDMI Note 13 Pro 5G
3112,4.2,15265,6.67,5000,Dimensity 6080 Processor,6.0,128.0,110.0,REDMI,REDMI Note 13 5G
3122,4.3,8999,6.74,5000,Mediatek Dimensity 6100+ Processor,4.0,128.0,74.0,REDMI,REDMI 13C 5G
3129,4.2,12499,6.79,5000,Snapdragon 4 Gen 2 Processor,6.0,128.0,52.0,REDMI,REDMI 12 5G
3133,4.0,7940,6.71,5000,Mediatek Helio G36 Processor,6.0,128.0,32.0,REDMI,REDMI A3
3140,4.2,25893,6.67,5000,Dimensity 7200 Ultra 5G Processor,12.0,256.0,208.0,REDMI,REDMI Note 13 Pro+ 5G
3151,4.1,15499,6.67,5000,Qualcomm Snapdragon 4 Gen 1 Processor,8.0,256.0,56.0,REDMI,REDMI Note 12 5G
3161,4.1,7999,6.71,5000,1 Year Manufacturer Warranty for Phone and 6 Months Warranty for In the Box Accessories,4.0,128.0,32.0,REDMI,REDMI A3X
3190,4.1,5999,6.52,5000,Helio G36 Processor,2.0,64.0,32.0,REDMI,REDMI A2
3198,4.2,6890,6.52,5000,12 months,2.0,32.0,29.0,REDMI,REDMI A1
3199,4.2,8299,6.71,5000,Helio G85 Processor,4.0,64.0,74.0,REDMI,REDMI 12C
3206,4.2,8099,6.52,5000,Mediatek Helio A22 Processor,2.0,32.0,32.0,REDMI,REDMI A1+
3213,4.1,8300,6.52,5000,OCTA CORE Processor,4.0,128.0,16.0,REDMI,REDMI A2+
3214,4.2,8499,6.53,5000,1 Year Manufacturer Warranty for Handset and 6 Months Warranty for In the Box Accessories,4.0,64.0,37.0,REDMI,REDMI 10A
3238,4.1,14990,6.43,5000,1 Year Warranty,6.0,128.0,132.0,REDMI,REDMI Note 11S
3241,4.2,13890,6.58,5000,1 Year Warranty,6.0,128.0,29.0,REDMI,REDMI 11 Prime 5G
3243,4.3,14999,6.7,6000,Qualcomm Snapdragon 680 Processor,4.0,64.0,52.0,REDMI,REDMI 10
3249,4.2,10999,6.43,5000,1 Year Warranty,4.0,64.0,74.0,REDMI,REDMI Note 11
3250,4.1,8999,6.53,5000,12 Months Warranty,6.0,128.0,37.0,REDMI,REDMI 10A SPORT
3261,4.3,8999,6.53,5000,MediaTek Helio G25 Processor,4.0,64.0,37.0,REDMI,REDMI 9i Sport
3273,4.2,25999,6.67,5000,Mediatek Dimensity 1080 Processor,12.0,256.0,58.0,REDMI,REDMI Note 12 Pro 5G
3274,4.2,11999,6.67,5000,Snapdragon 685 Processor,6.0,64.0,58.0,REDMI,REDMI Note 12
3287,4.2,18499,6.43,5000,Mediatek Helio G95 Processor,8.0,128.0,72.0,REDMI,REDMI Note 10S
3290,4.2,27999,6.67,4980,Mediatek Dimensity 1080 Processor,8.0,256.0,208.0,REDMI,REDMI Note 12 Pro+ 5G
3291,4.2,13989,6.56,5000,Mediatek Dimensity 700 Processor,6.0,128.0,50.0,REDMI,REDMI Note 10T 5G
3299,4.3,8999,6.53,5000,MediaTek Helio G25 Processor,4.0,64.0,37.0,REDMI,REDMI 9i
3304,4.3,10980,6.58,5000,Helio G99 Processor,6.0,128.0,52.0,REDMI,REDMI 11 Prime
3312,4.3,13799,6.43,5000,Qualcomm Snapdragon 678 Processor,6.0,128.0,56.0,REDMI,REDMI Note 10
3314,4.3,19999,6.67,5020,Qualcomm Snapdragon 732G Processor,6.0,128.0,72.0,REDMI,REDMI Note 10 Pro
3321,4.3,22999,6.67,5020,Qualcomm Snapdragon 732G Processor,6.0,128.0,132.0,REDMI,REDMI Note 10 Pro Max
3326,4.3,16499,6.53,5020,MediaTek Helio G85 Processor,4.0,128.0,56.0,REDMI,REDMI Note 9
3329,4.3,14489,6.67,5020,1 Year Manufacturer Warranty,4.0,64.0,72.0,REDMI,REDMI NOTE 10 LITE
3330,4.2,10390,6.5,6000,12 Months,4.0,64.0,74.0,REDMI,REDMI 10 Prime 2022
3348,4.2,16999,6.5,6000,Helio G88 Processor,6.0,128.0,58.0,REDMI,REDMI 10 Prime
3350,4.2,7694,6.53,5000,Mediatek Helio G35 Processor,4.0,64.0,15.0,REDMI,REDMI 9 Activ
3356,4.3,14999,6.43,5000,Mediatek Helio G95 Octa Core Processor,6.0,64.0,72.0,REDMI,REDMI Note 11 SE
3361,4.2,13890,6.43,5000,12 Months Warranty,8.0,128.0,74.0,REDMI,REDMI Note 11s
3372,4.2,35999,6.6,5080,Dimensity 8100 Processor,8.0,256.0,72.0,REDMI,REDMI K50i 5G
3376,4.2,15999,6.6,5000,1 Year Warranty,6.0,128.0,74.0,REDMI,REDMI Note 11T 5G
3393,4.3,13999,6.53,6000,Qualcomm Snapdragon 662 Processor,4.0,64.0,56.0,REDMI,REDMI 9 Power
3412,4.4,11999,6.53,5020,MediaTek Helio G80 Processor,4.0,64.0,21.0,REDMI,REDMI 9 Prime
3437,4.0,40890,6.78,6000,Qualcomm Snapdragon 888 Plus (SM8350) Processor,12.0,256.0,77.0,ASUS,ASUS ROG 5s
3438,4.2,7199,5.45,3000,Qualcomm Snapdragon 430 Processor,2.0,16.0,37.0,ASUS,ASUS ZenFone Lite L1
3439,4.1,8499,5.0,2110,Intel Atom Z2520 Processor with Intel Hyper Threading Technology Processor,2.0,8.0,32.0,ASUS,ASUS Zenfone 5
3441,4.3,7499,5.99,5000,Qualcomm Snapdragon 636 Octa Core Processor,3.0,32.0,18.0,ASUS,ASUS Zenfone Max Pro M1
3442,4.3,14999,6.26,4000,Qualcomm Snapdragon 632 Octa Core Processor,4.0,64.0,15.0,ASUS,ASUS ZenFone Max M2
3443,4.3,15999,6.26,5000,Qualcomm Snapdragon 660 Octa Core Processor,3.0,32.0,17.0,ASUS,ASUS ZenFone Max Pro M2
3448,4.5,16999,6.2,3300,Qualcomm Snapdragon 845 Octa Core Processor,6.0,64.0,20.0,ASUS,ASUS ZenFone 5Z
3450,4.1,7499,5.5,5000,Qualcomm Snapdragon 410 Quad Core 1GHz Processor,2.0,16.0,37.0,ASUS,ASUS Zenfone Max
3451,4.1,15999,5.5,3000,Octa Core Qualcomm Snapdragon 430 Processor,4.0,64.0,40.0,ASUS,ASUS Zenfone 4 Selfie Dual Camera
3452,3.8,13999,5.5,3000,Intel Intel Atom Z3560 Quad Core 1.8GHz Processor,2.0,16.0,37.0,ASUS,ASUS Zenfone 2 ZE551ML
3454,3.8,5699,4.5,2070,Qualcomm Snapdragon 200 Processor,1.0,8.0,32.0,ASUS,ASUS Zenfone Go
3455,4.6,62999,6.59,6000,Qualcomm Snapdragon 855 Plus Processor,12.0,512.0,61.0,ASUS,ASUS ROG Phone II
3459,3.9,6499,4.0,1600,Intel Atom Z2520 Processor with Intel Hyper Threading Technology Processor,1.0,8.0,29.0,ASUS,ASUS Zenfone 4
3460,4.2,83999,6.0,4000,Qualcomm Speed-binned Snapdragon 845 Processor,8.0,128.0,20.0,ASUS,ASUS ROG
3473,4.2,8660,5.0,2110,Intel Atom Z2560 Processor with Intel Hyper Threading Technology Processor,2.0,8.0,32.0,ASUS,ASUS Zenfone 5 A501CG
3477,4.0,49999,6.78,6000,Qualcomm Snapdragon 888 (SM8350) Processor,8.0,128.0,77.0,ASUS,ASUS ROG Phone 5
3488,4.1,17999,6.0,3000,Qualcomm Snapdragon 616 MSM8939 Processor,3.0,32.0,37.0,ASUS,ASUS Zenfone 2 Laser ZE601KL
3494,4.3,35999,6.39,5000,Qualcomm SD 855 Processor,6.0,64.0,61.0,ASUS,ASUS 6Z
3498,4.4,57999,6.59,6000,Qualcomm Snapdragon 865+ (SM8250) Processor,12.0,256.0,77.0,ASUS,ASUS ROG Phone 3
3507,4.6,79999,6.78,6000,Qualcomm Snapdragon 888 (SM8350) Processor,18.0,512.0,77.0,ASUS,ASUS ROG Phone 5 Ultimate
3510,4.0,14999,5.2,5000,"Octa Core Processor MediaTek MT6750, 1.5GHz Processor",3.0,32.0,37.0,ASUS,ASUS Zenfone 3s Max
3519,4.0,26999,5.5,5000,Qualcomm Snapdragon 625 Octa Core 2GHz Processor,4.0,64.0,24.0,ASUS,ASUS Zenfone Zoom S
3520,4.0,13999,5.5,3000,Qualcomm Snapdragon 615 MSM8939 Processor,3.0,16.0,37.0,ASUS,ASUS Zenfone Selfie
3523,4.3,22999,5.2,2650,Qualcomm Snapdragon 625 64-bit Octa Core 2.0GHz Processor,3.0,32.0,40.0,ASUS,ASUS Zenfone 3
3525,4.1,9599,5.45,4000,Qualcomm Snapdragon 430 Processor,4.0,64.0,37.0,ASUS,ASUS ZenFone Max M1
3526,4.1,10999,5.5,3000,Octa Core Qualcomm Snapdragon 430 Processor,3.0,32.0,37.0,ASUS,ASUS Zenfone 4 Selfie
3528,4.1,14499,5.5,5000,Qualcomm Snapdragon 615 Processor,3.0,32.0,37.0,ASUS,ASUS Zenfone Max ZC550KL
3530,4.0,19999,5.5,3000,Qualcomm Snapdragon 430 64-bit Octa Core 1.4GHz Processor,4.0,32.0,37.0,ASUS,ASUS Zenfone 3 Laser
3539,4.1,25999,5.5,3000,Octa Core Qualcomm Snapdragon 625 Processor,4.0,64.0,40.0,ASUS,ASUS Zenfone 4 Selfie Pro
3540,4.2,8499,5.5,3000,Qualcomm Snapdragon 410 Quad Core 1.2GHz Processor,2.0,16.0,37.0,ASUS,ASUS Zenfone 2 Laser ZE550KL
3551,4.0,12999,5.5,3000,Intel Atom Z3560 Processor,2.0,16.0,37.0,ASUS,ASUS Zenfone 2 ZE550ML
3557,3.4,12999,4.0,1200,Intel Atom Z2560 Processor,1.0,8.0,32.0,ASUS,ASUS Padfone Mini
3558,4.1,9999,5.0,2070,Qualcomm Snapdragon 410 MSM8916 Processor,2.0,16.0,37.0,ASUS,ASUS Zenfone 2 Laser ZE500KL
3570,4.0,6999,5.0,2070,MediaTek MT6580 Processor,2.0,16.0,32.0,ASUS,ASUS Zenfone Go 5.0
3571,4.3,42999,5.92,4000,Qualcomm Snapdragon 888 (SM8350) Processor,8.0,128.0,76.0,ASUS,ASUS 8z
3572,4.0,10499,5.0,2650,Qualcomm 8928 Processor,2.0,16.0,37.0,ASUS,ASUS Zenfone Live
3578,4.1,22999,5.5,3000,Intel Atom Z3580 Processor,4.0,64.0,37.0,ASUS,ASUS Zenfone 2 Deluxe ZE551ML
3580,4.2,12999,5.5,3000,Qualcomm Snapdragon 615 MSM8939 Processor,3.0,16.0,37.0,ASUS,ASUS Zenfone 2 Laser 5.5
3583,4.1,12999,5.5,3000,Qualcomm Snapdragon 615 Octa Core 1.5GHz Processor,3.0,16.0,37.0,ASUS,ASUS Zenfone 2 Laser
3588,3.9,13999,5.2,4100,Mediatek MediaTek 64-bit Quad Core 1.25GHz Processor,3.0,32.0,37.0,ASUS,ASUS Zenfone 3_Max
3590,3.6,7499,4.5,2070,Qualcomm Snapdragon 8916 Processor,1.0,8.0,32.0,ASUS,ASUS Zenfone Go 4.5 LTE
3593,4.0,49999,5.7,3300,Qualcomm Snapdragon 821 Optimized for Tango Processor,8.0,128.0,47.0,ASUS,ASUS Zenfone AR
3598,3.7,16999,5.5,3000,Intel Atom Z3560 Processor,4.0,16.0,37.0,ASUS,ASUS Zenfone 2
3600,3.9,5299,4.5,1600,MediaTek MT6580M Processor,1.0,8.0,29.0,ASUS,ASUS Zenfone Go 4.5
3601,3.8,6299,4.5,2100,Intel Atom Z2520 Processor,1.0,8.0,29.0,ASUS,ASUS Zenfone C
3603,3.9,50999,5.7,3000,Qualcomm 8996 S820 Processor,6.0,64.0,47.0,ASUS,ASUS Zenfone 3 Deluxe
3610,3.6,37999,5.5,3000,Intel Atom Z3590 Processor,4.0,64.0,37.0,ASUS,ASUS Zenfone Zoom
3613,3.7,7999,5.0,2500,Qualcomm MSM8916 Processor,2.0,16.0,32.0,ASUS,ASUS Zenfone Go 5.0 LTE
3637,4.3,11197,6.56,5000,1 YEAR,6.0,128.0,74.0,IQOO,IQOO Z9 Lite 5G
3642,4.3,14223,6.72,6000,Qualcomm SM6450 Snapdragon 6 Gen 1 Processor,6.0,128.0,52.0,IQOO,IQOO z9x
3643,4.2,13000,6.72,6000,"Octa core (2.2 GHz, Quad core, Cortex A78 + 1.8 GHz, Quad core, Cortex A55) Processor",4.0,128.0,74.0,IQOO,IQOO Z9x
3647,4.3,16469,6.72,6000,1 Year Warranty on Handset and 6 Months Warranty on Inbox Accessories,8.0,128.0,74.0,IQOO,IQOO Z9X
3649,4.3,10360,6.56,5000,1 YEAR,4.0,128.0,74.0,IQOO,IQOO Z9 LITE 5G
3653,4.4,27999,6.78,4600,Dimensity 7200 5G Mobile Platform Processor,8.0,256.0,66.0,IQOO,IQOO Z7 Pro 5G
3657,4.4,20240,6.67,5000,1 Year,8.0,128.0,74.0,IQOO,IQOO Z9 5G
3658,4.4,20999,6.78,5000,1 Year,8.0,128.0,74.0,IQOO,IQOO Z9
3659,4.5,34990,6.44,4440,Qualcomm Snapdragon 865 Processor,8.0,256.0,61.0,IQOO,IQOO 3
3661,4.2,20950,6.78,4600,1 Year,8.0,128.0,88.0,IQOO,IQOO IQOOZ7PRO
3662,4.3,12280,6.68,5000,1 Year,6.0,128.0,74.0,IQOO,IQOO Z6 Lite 5G
3663,4.6,37877,6.78,5160,1 Year,8.0,256.0,74.0,IQOO,IQOO Neo9 Pro
3664,4.6,35999,6.78,5160,1 Year,8.0,128.0,74.0,IQOO,IQOO NEO9 PRO
3665,4.3,29399,6.77,5500,1 YEAR,12.0,256.0,74.0,IQOO,IQOO Z9S PRO 5G
3666,4.6,27988,6.77,5500,1 Year on Handset and 6 Months on Accessories,8.0,256.0,74.0,IQOO,IQOO Z9s Pro 5G
3667,4.5,32511,6.78,5000,Domestic 1 Year of Device &amp; 6 Months for In-Box Accessories,8.0,128.0,74.0,IQOO,IQOO Neo 7 Pro
3668,4.4,35150,6.78,5000,Domestic 1 Year of Device &amp; 6 Months for In-Box Accessories,12.0,256.0,74.0,IQOO,IQOO Neo 7 pro
3669,4.5,39990,6.78,5160,1 Year,12.0,256.0,74.0,IQOO,IQOO Neo 9 Pro
3672,4.4,25200,6.78,5000,12 Months Domestic Warranty,8.0,128.0,88.0,IQOO,IQOO Neo 7 5G
3676,4.5,24990,6.62,4400,1 Year,8.0,128.0,72.0,IQOO,IQOO 7 5G
3677,4.3,23400,6.67,5000,1 Year Warranty,8.0,128.0,88.0,IQOO,IQOO Z5 5G
3682,4.3,15976,6.38,4500,Domestic 1 Year on Handset and 6 Months on Accessories,6.0,128.0,88.0,IQOO,IQOO Z7s 5G
3690,4.2,14690,6.44,5000,1 Year,4.0,128.0,100.0,IQOO,IQOO Z6 44W
3694,4.1,30990,6.62,4500,1 Year,8.0,128.0,72.0,IQOO,IQOO 9 SE 5G
3697,4.6,64999,6.78,5000,1 Year Brand Warranty,16.0,512.0,74.0,IQOO,IQOO 12 5G
3710,4.1,21999,6.38,4500,Domestic warranty of 12 months on phone &amp; 6 months on accessories,8.0,128.0,88.0,IQOO,IQOO Z7 5G
3713,4.1,19900,6.58,5000,1 Year,4.0,128.0,74.0,IQOO,IQOO Z6 5G
3727,4.3,28990,6.44,4700,1 Year,12.0,256.0,88.0,IQOO,IQOO Z6 Pro 5G
3728,4.3,22990,6.58,4400,12 months,6.0,128.0,88.0,IQOO,IQOO Z3 5G
3739,4.1,33995,6.56,4350,1 Year,8.0,128.0,96.0,IQOO,IQOO 9 5G
3750,4.6,33999,6.62,4700,1 Year,12.0,256.0,88.0,IQOO,IQOO NEO 6
3758,4.7,64990,6.78,5000,1 Year,12.0,256.0,74.0,IQOO,IQOO 12
3774,4.1,49499,6.78,4700,1 Year,8.0,128.0,74.0,IQOO,IQOO 9T 5G
3793,4.4,32999,6.62,4700,1 Year,12.0,256.0,128.0,IQOO,IQOO Neo 6 5G
3831,4.4,18446,6.72,5000,Domestic Warranty of 12 months on phone &amp; 6 months on accessories,8.0,256.0,132.0,OnePlus,OnePlus Nord CE 3 Lite 5G
3836,4.4,18165,6.67,5500,1 year,8.0,128.0,74.0,OnePlus,OnePlus Nord CE4 lite 5G
3838,4.1,10699,6.56,5000,No Warranty,4.0,128.0,100.0,OnePlus,OnePlus N20 SE
3842,4.5,24987,6.7,5500,OxygenOS 14.0 Processor,8.0,256.0,74.0,OnePlus,OnePlus Nord CE4
3848,4.5,41035,6.78,5500,1 Year Brand Warranty,16.0,256.0,74.0,OnePlus,OnePlus 12R
3851,4.3,22774,6.74,5000,Domestic 1 Year of Device &amp; 6 Months for In-Box Accessories,8.0,128.0,74.0,OnePlus,OnePlus Nord 3 5G
3853,4.6,63935,6.82,5400,1 Year Brand Warranty,16.0,512.0,88.0,OnePlus,OnePlus 12
3854,4.4,19688,6.7,5000,Domestic 1 Year of Device &amp; 6 Months for In-Box Accessories,8.0,128.0,74.0,OnePlus,OnePlus Nord CE3 5G
3863,4.4,35183,6.7,5000,domestic warranty of 12 months on phone &amp; 6 months on accessories,8.0,128.0,74.0,OnePlus,OnePlus 11 5G
3864,4.5,30893,6.74,5500,1 Year,8.0,256.0,74.0,OnePlus,OnePlus Nord 4 5G
3868,4.5,36989,6.7,5000,Domestic warranty of 12 months on phone &amp; 6 months on accessries,16.0,256.0,74.0,OnePlus,OnePlus 11R 5G
3875,4.3,25238,6.7,5000,1 Year Manufacturer Warranty for Handset and 6 Months Warranty for In the Box Accessories,8.0,128.0,74.0,OnePlus,OnePlus 10R
3882,3.8,25990,6.55,4500,12 months,8.0,128.0,72.0,OnePlus,OnePlus 9 5G
3884,4.2,42485,6.7,5000,1 year manufacturer warranty for device and 6 months manufacturer warranty for in-box accessories including batteries from the date of purchase,8.0,128.0,72.0,OnePlus,OnePlus 10 Pro 5G
3888,4.2,19795,6.43,4500,12 Month,8.0,128.0,88.0,OnePlus,OnePlus Nord CE 2 5G
3890,4.3,24370,6.7,4500,12 Month,8.0,128.0,74.0,OnePlus,OnePlus Nord 2T 5G
3892,3.9,26999,6.55,4500,1 Year,8.0,128.0,72.0,OnePlus,OnePlus 9R 5G
3894,4.2,38390,6.7,4800,1 year on phone &amp; 6 months on accessories,12.0,256.0,74.0,OnePlus,OnePlus 10T 5G
3897,3.9,28799,6.44,4115,Qualcomm Snapdragon 765G Processor,12.0,256.0,56.0,OnePlus,OnePlus Nord
3901,4.3,24990,6.43,4500,1 year manufacturer warranty for device and 6 months manufacturer warranty for in-box accessories including batteries from the date of purchase,8.0,128.0,74.0,OnePlus,OnePlus Nord 2 5G
3932,4.2,35999,6.7,5000,12 months,12.0,256.0,74.0,OnePlus,OnePlus 10R 5G
3936,3.8,44990,6.7,4500,1 Year Warranty,12.0,256.0,72.0,OnePlus,OnePlus 9 Pro 5G
3947,4.3,21999,6.59,5000,12 months,8.0,128.0,88.0,OnePlus,OnePlus Nord CE 2 Lite 5G
3948,4.6,35989,6.55,3800,Qualcomm Snapdragon 855 Plus Processor,8.0,256.0,60.0,OnePlus,OnePlus 7T
3952,0.0,18990,6.7,5000,No Warranty,8.0,128.0,132.0,OnePlus,OnePlus Nord N30 5G
3957,4.5,120189,7.82,4805,1 year manufacturer warranty for device and 1 year manufacturer warranty for in-box accessories including batteries from the date of purchase,16.0,512.0,88.0,OnePlus,OnePlus Open
3960,4.2,28499,6.55,4500,12 months,8.0,128.0,72.0,OnePlus,OnePlus 8T 5G
3972,3.2,20999,6.28,3300,1 Year Manufacture Warranty,8.0,256.0,44.0,OnePlus,OnePlus 6
3973,4.0,39999,6.41,3700,1 year manufacturer warranty for device and 6 months manufacturer warranty for in-box accessories including batteries from the date of purchase,10.0,256.0,36.0,OnePlus,OnePlus 6T
3977,4.6,24740,6.41,3700,1 year manufacturer warranty for device and 6 months manufacturer warranty for in-box accessories including batteries from the date of purchase,6.0,128.0,53.0,OnePlus,OnePlus 7
3989,4.0,48998,6.41,3300,1 Year Brand Warranty,10.0,256.0,36.0,OnePlus,OnePlus 6T McLaren Edition
3990,4.5,32999,6.67,4085,"Qualcomm Snapdragon 855 Plus (Octa-core, 7nm, up to 2.96 GHz) , with Qualcomm AI Engine Processor",8.0,256.0,56.0,OnePlus,OnePlus 7T Pro
3992,4.5,39890,6.78,4510,Qualcomm Snapdragon 865 Processor,8.0,128.0,56.0,OnePlus,OnePlus 8 Pro
3997,4.3,39999,6.62,4500,12 months,8.0,128.0,74.0,OnePlus,OnePlus 9RT 5G
4007,4.0,24999,6.43,4500,1 Year,12.0,256.0,88.0,OnePlus,OnePlus Nord CE 5G
4023,4.5,37999,5.5,3300,Qualcomm Snapdragon 835 Processor,8.0,128.0,36.0,OnePlus,OnePlus OnePlus 5
4034,3.9,42999,6.7,4500,1 Year,8.0,128.0,72.0,OnePlus,OnePlus 9 Pro
4051,4.4,34999,6.55,4300,Qualcomm Snapdragon 865 Processor,12.0,256.0,50.0,OnePlus,OnePlus 8
4059,4.5,39900,6.67,4000,1 year manufacturer warranty for device and 6 months manufacturer warranty for in-box accessories including batteries from the date of purchase,8.0,256.0,56.0,OnePlus,OnePlus 7 Pro
4093,4.2,21999,6.78,5800,Qualcomm Snapdragon 6 Gen 1 Processor,8.0,256.0,113.0,Honor,Honor X9b
4094,4.4,35999,6.7,5200,Snapdragon 7 Gen 3 Processor,12.0,512.0,100.0,Honor,Honor 200 5G
4095,3.9,44990,6.78,5200,Snapdragon 8s Gen 3 Processor,12.0,512.0,100.0,Honor,Honor 200 Pro 5G
4100,4.1,5999,5.0,2000,MT6582 Processor,1.0,16.0,32.0,Honor,Honor Holly
4101,4.3,13999,5.65,3000,Kirin 659 Processor,3.0,32.0,15.0,Honor,Honor 9 Lite
4102,4.3,15999,5.84,3000,Kirin 659 Octa Core Processor,4.0,64.0,15.0,Honor,Honor 9N
4103,4.4,16999,6.21,3400,Kirin 710 2.2GHz Octa Core Processor,4.0,64.0,15.0,Honor,Honor 10 Lite
4104,4.2,25999,6.7,5000,1 year manufacturer warranty for handset &amp; 6 months for accessories,8.0,256.0,224.0,Honor,Honor 90 5G
4108,3.9,4999,4.5,1730,Spreadtrum SC7731 Cortex-A7 Processor,1.0,8.0,32.0,Honor,Honor Bee
4110,4.3,14999,6.26,4000,Qualcomm Snapdragon 632 Processor,4.0,64.0,15.0,Honor,Honor 8C
4112,4.4,19999,6.59,4000,Kirin 710F Processor,6.0,128.0,56.0,Honor,Honor 9X
4114,4.4,29999,5.2,3000,ARM Hisilicon Kirin 950 - ARM Cortex A72 + ARM Cortex A53 Octa Core 2.3GHz Processor,4.0,32.0,24.0,Honor,Honor 8
4117,3.7,18999,6.59,4000,Kirin 810 (7 nm Chipset with NPU) Processor,6.0,256.0,56.0,Honor,Honor 9x Pro
4119,4.3,19999,5.9,3340,Huawei Kirin 659 Octa Core Clocked up to 2.36 GHz Processor,4.0,64.0,18.0,Honor,Honor 9i
4123,3.8,7999,5.45,3020,MediaTek Helio P22 (MT6762R) Octa Core Processor,2.0,32.0,32.0,Honor,Honor 9S
4130,4.4,19999,16.51,3750,2.2 GHz Kirin 710 Octa Core Processor,6.0,64.0,22.0,Honor,Honor 8X
4132,4.4,17999,6.5,3750,Kirin 710 Processor,4.0,64.0,22.0,Honor,Honor 8x
4150,4.4,35999,6.26,3750,HiSilicon Kirin 980 Processor,6.0,128.0,50.0,Honor,Honor 20
4152,4.5,25999,6.3,3750,Kirin 970 AI Processor,6.0,64.0,18.0,Honor,Honor Play
4154,4.0,8999,5.0,4000,ARM Cortex-A53 MTK MT6735P Quad Core 1.3GHz Processor,2.0,16.0,37.0,Honor,Honor Holly 2 Plus
4157,4.1,8999,5.45,3020,Mediatek MT6739 Cortex A53 Processor,2.0,16.0,37.0,Honor,Honor 7S
4158,4.3,9999,5.2,3000,Kirin650 Processor,2.0,16.0,37.0,Honor,Honor 5C
4159,4.4,22999,5.2,3100,Hisilicon Kirin 935 Processor,3.0,16.0,44.0,Honor,Honor 7
4166,4.1,9499,5.0,2550,Kirin 620 Processor,2.0,8.0,37.0,Honor,Honor 4C
4168,4.2,12999,5.99,3000,Qualcomm SDM450 Processor,3.0,32.0,15.0,Honor,Honor 7C
4173,4.3,16999,6.21,3400,HiSilicon Kirin 710 Processor,4.0,128.0,26.0,Honor,Honor 20i
4174,4.4,35999,5.84,3400,Huawei Kirin 970 Processor,6.0,128.0,40.0,Honor,Honor 10
4176,4.0,10499,5.5,3000,Huawei Kirin 620 Octa Core 1.2GHz Processor,2.0,16.0,37.0,Honor,Honor Holly 3
4179,4.3,14999,5.0,3000,Kirin 920 Processor,3.0,16.0,37.0,Honor,Honor 6
4180,4.1,12999,5.5,3000,0 Qualcomm Snapdragon 616 MSM8939V2 Octa Core 1.5GHz Processor,2.0,16.0,37.0,Honor,Honor 5X
4183,4.4,10500,5.5,3000,Qualcomm Snapdragon 410 MSM8916 Processor,2.0,8.0,37.0,Honor,Honor 4X Limited Version
4184,4.3,13999,5.5,3340,Kirin 655 Processor,4.0,64.0,14.0,Honor,Honor 6X
4193,4.3,10499,5.5,3000,Qualcomm Snapdragon 410 MSM8916 Processor,2.0,8.0,37.0,Honor,Honor 4X
4199,4.4,29999,5.7,4000,Kirin 960 Processor,6.0,128.0,24.0,Honor,Honor 8 Pro
4202,3.9,26499,5.5,3600,Hisilicon Kirin 925 Cortex-A15 + Cortex-A7 Processor,3.0,32.0,16.0,Honor,Honor 6 Plus
4205,4.3,10999,5.7,3000,Qualcomm Snapdragon Octa Core Processor,3.0,32.0,15.0,Honor,Honor 7A
4214,4.3,16500,5.93,3340,Kirin 659 Processor,4.0,64.0,40.0,Honor,Honor 7X
4220,3.9,995,1.77,1750,One Year Manufacturer Warranty,32.0,32.0,24.08,Micromax,Micromax S117
4222,3.9,940,1.77,1000,One Year manufacturer Warranty,32.0,32.0,24.3,Micromax,Micromax X416
4226,3.7,997,1.77,1000,1 Year Company Domestic Warranty by Company Authorized Service Center.,32.0,64.0,24.08,Micromax,Micromax S114
4227,3.9,1191,1.77,1750,1 Year Company Domestic Warranty by Company Authorized Service Center.,6.0,24.0,24.3,Micromax,Micromax X512
4231,3.4,1079,2.4,1200,One Year Manufacturer Warranty,32.0,32.0,24.08,Micromax,Micromax X1i Smart
4232,4.0,975,1.77,800,One Year manufacturer Warranty,32.0,32.0,24.3,Micromax,Micromax X413
4233,4.1,1360,2.4,1000,1 YEAR AND SIX MONTHS ON ACCESSORIES,4.0,4.0,24.3,Micromax,Micromax S211
4234,3.8,1095,1.77,1000,1 Year Manufacturer Warranty,32.0,32.0,24.03,Micromax,Micromax X415
4235,4.1,11499,6.67,5000,MediaTek Helio G85 (MT6769V/CZ) Processor,4.0,64.0,53.0,Micromax,Micromax IN Note 1
4238,3.8,6999,6.52,5000,ARM Cortex A75 Octa Core Processor,4.0,64.0,15.0,Micromax,Micromax IN 2B
4240,3.7,1685,2.4,1200,One Year Manufacturer Warranty,32.0,32.0,24.08,Micromax,Micromax X1i Flip
4241,3.7,1285,2.4,1000,1 YEAR MANUFATURER WARRANTY,32.0,32.0,24.03,Micromax,Micromax X743
4243,3.6,920,1.77,1000,One Year manufacturer Warranty,32.0,32.0,24.3,Micromax,Micromax x416
4245,3.9,1439,2.4,2500,One Year Manufacturer Warranty,32.0,32.0,24.08,Micromax,Micromax S213
4246,4.1,974,1.77,800,12 month,32.0,32.0,25.0,Micromax,"Micromax x412 black, red"
4247,4.0,9490,6.43,5000,MediaTek Helio G95 Processor,4.0,64.0,53.0,Micromax,Micromax IN Note 2
4248,3.7,1475,2.8,1000,1 Year Company Domestic Warranty by Company Authorized Service Center.,32.0,32.0,25.0,Micromax,Micromax X809
4249,3.5,965,1.77,800,12 MONTHS WARRANTY ON HANDSET AND SIX MONTHS ON ACCESSORIES,2.0,32.0,24.3,Micromax,Micromax S115
4252,4.0,5999,6.52,5000,Unisoc T610 Processor,3.0,32.0,32.0,Micromax,Micromax IN 2C
4253,3.8,1079,1.77,1750,One Year manufacturer Warranty,32.0,32.0,24.3,Micromax,Micromax X513+
4262,3.8,1362,2.4,2700,One Year manufacturer Warranty,32.0,32.0,24.3,Micromax,Micromax X778
4264,3.9,1458,2.8,1450,1 Year Company Domestic Warranty by Company Authorized Service Center.,32.0,32.0,24.3,Micromax,Micromax X818
4272,3.8,1218,2.4,1450,One Year manufacturer Warranty,32.0,32.0,24.3,Micromax,Micromax X708
4275,3.6,1110,2.4,1000,One Year manufacturer Warranty,32.0,32.0,24.3,Micromax,Micromax X702
4277,4.1,11499,6.67,5000,MediaTek Helio G80 Processor,6.0,128.0,50.0,Micromax,Micromax IN 1
4279,3.8,945,2.4,1000,12 Month From Manufacturer,32.0,32.0,25.0,Micromax,Micromax X742
4283,3.4,1899,1.77,1000,One year Manufactured warranty,32.0,32.0,24.3,Micromax,Micromax X379+
4285,3.8,2499,2.4,2200,1 Year Warranty,32.0,32.0,24.3,Micromax,Micromax X744
4288,4.0,1450,2.4,3000,1 Year Warranty,32.0,32.0,24.3,Micromax,Micromax X746
4291,3.9,799,1.8,800,"1 Year Warranty from the Manufacturer, 6 Months Warranty of Battery",32.0,32.0,24.3,Micromax,Micromax X412
4292,4.1,1195,1.77,1750,1 Year Product and 6 Month Accessories,32.0,32.0,24.8,Micromax,Micromax X419
4296,4.0,4499,5.0,2200,1.0GHz Quadcore MTK6735M Processor,1.0,8.0,29.0,Micromax,Micromax Spark 4G
4298,4.0,4999,5.0,2000,SC9832E Processor,1.0,8.0,29.0,Micromax,Micromax Spark Go
4299,3.9,799,1.77,800,1 Year Warranty,32.0,32.0,25.0,Micromax,Micromax X378
4303,3.3,4490,4.0,1600,1 Year,1.0,8.0,29.0,Micromax,Micromax Bharat 2 Plus
4305,3.8,1745,2.4,2500,1 YEAR WARRANTY,32.0,32.0,24.3,Micromax,Micromax X755
4307,4.0,1545,2.4,1750,1 Year Manufacturer Warranty,32.0,32.0,24.3,Micromax,Micromax X754
4308,4.0,1289,2.4,1750,1 Year Product and 6 Month Accessories	Manufacturer Warranty	Repair or Replacement	Manufacture Defect	Liquid or Damaged,32.0,32.0,24.3,Micromax,Micromax X741
4310,4.1,7999,6.52,5000,MediaTek Helio G35 (MT6765V/WB) Processor,4.0,64.0,15.0,Micromax,Micromax IN 1b
4315,4.0,1299,2.8,1450,12 MONTHS FOR HANDSET &amp; 6 MONTHS FOR ACCESSORIES,32.0,32.0,24.3,Micromax,Micromax X807
4316,3.8,1199,2.4,1300,Brand Warranty of 1 Year Available for Mobile and 6 Months for Accessories,32.0,16.0,24.8,Micromax,Micromax X1i-2017
4317,4.0,1367,2.4,1750,1 Year Product and 6 Month Accessories,32.0,32.0,24.3,Micromax,Micromax X749
4318,3.8,1595,1.77,2500,1 Year Product and 6 Month Accessories,32.0,32.0,24.3,Micromax,Micromax X418
4319,3.9,1990,1.77,1000,1 Year Product and 6 Month Accessories,32.0,32.0,24.3,Micromax,Micromax X389
4321,3.4,6399,5.5,3000,Mediatek MT6753 Octa Core 1.3GHz Processor,3.0,32.0,37.0,Micromax,Micromax Canvas 6
4322,3.9,4999,5.0,2000,Brand Warranty of 1 Year Available for Mobile and 6 Months for Accessories,1.0,8.0,29.0,Micromax,Micromax Bharat 4 Diwali Edition
4323,3.9,1099,2.4,1750,12 Months Brand Warranty,32.0,32.0,24.3,Micromax,Micromax X1i Power
4324,4.0,1259,2.4,2500,1 Year Product and 6 Month Accessories,32.0,32.0,24.3,Micromax,Micromax X750
4325,3.8,2499,2.4,3000,1 Year Product and 6 Month Accessories,32.0,32.0,24.3,Micromax,Micromax X756
4326,3.9,899,1.77,2500,12 Month Warranty,32.0,32.0,24.3,Micromax,Micromax X380
4327,3.9,1508,2.4,2500,1 Year Manufacturer Warranty,32.0,32.0,24.1,Micromax,Micromax X748
4329,4.1,14999,6.19,4000,Mediatek Helio P22 (MT6762V) Processor,3.0,32.0,18.0,Micromax,Micromax Infinity N12
4331,3.8,1999,2.4,1800,1 YEAR WARRANTY,32.0,32.0,24.3,Micromax,Micromax X752
4334,3.8,8999,5.0,2500,MTK6737 A53 Processor,2.0,16.0,32.0,Micromax,Micromax Canvas 1
4335,3.8,19999,5.2,2730,Snapdragon 435 Processor,4.0,64.0,37.0,Micromax,Micromax Dual 4
4336,3.7,5999,5.0,2500,MT6737 Processor,1.0,16.0,29.0,Micromax,Micromax Bharat 4
4337,3.9,892,1.77,800,1 Year Product and 6 Month Accessories,32.0,32.0,24.3,Micromax,Micromax X381
4339,3.9,996,1.77,2500,1 Year Product and 6 Month Accessories,32.0,32.0,24.3,Micromax,Micromax X388
4340,3.9,4990,4.5,1800,Spreadtrum SC9832 Quad Core 1.3GHz Processor,1.0,8.0,29.0,Micromax,Micromax Vdeo 2
4342,3.6,6499,5.0,2000,Mediatek MTK6735P Quad Core 1GHz Processor,3.0,16.0,32.0,Micromax,Micromax Canvas 5 Lite-Special Edition
4343,3.9,13999,5.7,3000,Snapdragon 450 Octa Core Processor,4.0,64.0,40.0,Micromax,Micromax Canvas Infinity Pro
4345,3.2,4745,4.5,2000,1 Year Manufacturer Warranty,1.0,8.0,29.0,Micromax,Micromax Q400
4346,2.9,3499,5.0,3000,NA,2.0,16.0,32.0,Micromax,Micromax Bharat 4 Plus
4350,3.8,1145,2.4,1800,1 Year Manufacturer Warranty,32.0,24.0,24.03,Micromax,Micromax X610
4351,4.1,1799,1.77,1800,1 Year Product and 6 Month Accessories,32.0,32.0,24.3,Micromax,Micromax X421
4352,3.8,1354,2.4,1000,12 month manufacturer warranty,32.0,32.0,24.3,Micromax,Micromax S 211
4354,4.0,10999,5.2,5000,MediaTek MT6737 Cortex-A53 64-bit Processor,3.0,32.0,37.0,Micromax,Micromax Bharat 5 Pro
4355,3.9,1999,1.77,1750,"1 Year Product and 6 Month Accessories, Manufacturer Warranty, Repair or Replacement, Manufacture Defect, Liquid or Damaged",32.0,32.0,24.3,Micromax,Micromax X516
4356,3.9,5299,5.0,2500,MT6737M Processor,2.0,16.0,32.0,Micromax,Micromax Spark 4G Prime
4358,3.0,3490,5.0,2000,No Warranty,1.0,16.0,29.0,Coolpad,Coolpad mg 5m
4359,3.8,10999,5.5,2500,Qualcomm Snapdragon Processor,3.0,32.0,37.0,Coolpad,Coolpad Note 3S
4360,4.0,7999,5.5,2500,1 Year for Mobile &amp; 6 Months for Accessories,3.0,16.0,32.0,Coolpad,Coolpad Mega 2.5D
4361,3.9,7998,5.0,2500,1 Year Coolpad India Warranty,3.0,32.0,37.0,Coolpad,Coolpad Note 5 Lite
4363,3.2,4433,5.0,2000,Quad Core Processor,1.0,16.0,29.0,Coolpad,Coolpad Mega 5M
4364,3.9,6490,5.71,3000,1 Year,2.0,16.0,37.0,Coolpad,Coolpad Cool 3 Plus
4365,3.9,7999,5.5,3050,Mediatek MT6737 Processor,2.0,16.0,32.0,Coolpad,Coolpad Mega 3
4366,3.5,6999,5.71,3000,12 MONTHS,3.0,32.0,32.0,Coolpad,Coolpad COOL 3
4367,3.8,5999,5.7,3000,SC9863 Processor,2.0,16.0,32.0,Coolpad,Coolpad Cool 3
4372,3.9,9999,5.5,4010,ARM MSM8952 Snapdragon 617 ARM Cortex A53 Octa Core 1.5GHz Processor,4.0,32.0,37.0,Coolpad,Coolpad Note 5
4373,3.4,6990,5.71,3000,1 year,3.0,32.0,37.0,Coolpad,Coolpad COOL 3 PLUS
4376,3.9,11499,5.5,2800,NA MSM8952 TBC Octa Core 1.5GHz Processor,4.0,64.0,37.0,Coolpad,Coolpad A 8
4377,3.7,6399,5.45,2500,12 Months Warranty,2.0,16.0,32.0,Coolpad,Coolpad Mega 5A
4378,3.9,9499,5.5,4070,12 Months Warranty,4.0,32.0,37.0,Coolpad,Coolpad Note 6
4381,4.2,56690,5.2,3000,Qualcomm Snapdragon 820 64-bit Quad Core 2.2GHz Processor,4.0,32.0,36.0,HTC,HTC 10
4382,4.0,13999,6.22,3300,MTK Helio P22 Processor,3.0,32.0,20.0,HTC,HTC Wildfire X
4384,3.9,7999,5.0,2100,Mediatek MT6592 Processor,1.0,8.0,32.0,HTC,HTC Desire 620G Dual Sim
4385,4.0,6999,4.7,2000,Brand Warranty of 1 Year Available for Mobile and 6 Months for Accessories,1.0,16.0,32.0,HTC,HTC Desire 526G Plus
4386,4.7,56990,6.0,3930,Qualcomm Snapdragon 835 Processor,6.0,128.0,36.0,HTC,HTC U11+
4387,4.1,35500,5.2,2400,Qualcomm? Snapdragon 801 Processor,2.0,16.0,37.0,HTC,HTC Desire Eye
4389,3.9,21990,5.5,2600,Brand Warranty of 1 Year Available for Mobile and 6 Months for Accessories,1.0,16.0,37.0,HTC,HTC Desire 816G
4390,4.6,53990,5.5,3000,Qualcomm Snapdragon 835 64-bit Processor,6.0,128.0,36.0,HTC,HTC U11
4391,3.7,26999,5.5,2600,Qualcomm Snapdragon 615 Processor,2.0,16.0,37.0,HTC,HTC Desire 826 DS
4394,4.0,21999,5.5,2600,1 Year for Mobile &amp; 6 Months for Accessories,1.0,8.0,37.0,HTC,HTC Desire 816G Dual Sim
4395,3.8,17200,5.0,2000,1 Year for Mobile &amp; 6 Months for Accessories,1.0,4.0,32.0,HTC,HTC Desire 616 Dual Sim
4396,3.7,27990,5.5,2600,Qualcomm Snapdragon 615 Octa Core 1.7GHz Processor,2.0,16.0,37.0,HTC,HTC Desire 826
4398,4.0,25999,5.5,2600,Qualcomm Snapdragon 615 Octa Core 1.5GHz Processor,2.0,16.0,37.0,HTC,HTC Desire 820
4399,4.0,27390,5.5,2600,Qualcomm Snapdragon 400 Processor,1.5,8.0,37.0,HTC,HTC Desire 816 Dual Sim
4400,3.9,8999,5.0,2000,ARM Cortex-A53 Octa Core 1.7GHz Processor,1.0,8.0,37.0,HTC,HTC Desire 626G Plus
4401,3.6,15200,5.0,1950,Qualcomm Snapdragon 200 Processor,1.0,4.0,29.0,HTC,HTC Desire 516
4405,4.1,25999,5.5,2600,Qualcomm Snapdragon 615 Processor,2.0,16.0,37.0,HTC,HTC Desire 820 Dual Sim
4408,3.9,25500,5.5,2600,Brand Warranty of 1 Year Available for Mobile and 6 Months for Accessories,2.0,16.0,37.0,HTC,HTC Desire 820S
4410,3.8,13570,5.0,2200,Quad Core Processor MSM8928-AC Processor,2.0,16.0,32.0,HTC,HTC Desire 630
4411,3.7,11810,5.0,2000,MediaTek MT6752 Octa Core 1.3GHz Processor,2.0,16.0,37.0,HTC,HTC Desire 626 Dual SIM LTE
4416,3.9,11490,5.5,2600,Mediatek MediaTek MT6592 Octa Core 0 Processor Processor,1.0,16.0,37.0,HTC,HTC Desire 820G+
4418,3.7,9590,4.5,2000,SC7731G Processor,1.0,8.0,32.0,HTC,HTC Desire 326G DS
4419,3.6,12990,4.5,2000,1 Year for Mobile &amp; 6 Months for Accessories,0.5,4.0,29.0,HTC,HTC Desire 310 Dual Sim
